source,target
SegoAG,EdwardWorthLib
emodmetals,emi_rowe
emodmetals,BethanyGaunt1
emodmetals,stella_wisgrill
emodmetals,BethanyGaunt1
mikecosgrave,EdwardWorthLib
EilishGregory,EdwardWorthLib
js_thrill,DelilahBermudez
js_thrill,MarCavendishSoc
MarCavendishSoc,DelilahBermudez
MarCavendishSoc,MarCavendishSoc
SamhainNight,EdwardWorthLib
HistIreHedge,EdwardWorthLib
BridMcGrath,EdwardWorthLib
abuelitagiovi,DelilahBermudez
abuelitagiovi,MarCavendishSoc
PhdNatale,danielagtz
DrPastonsRUs,HarryMcCarthy
postmedieval,LFG_Hist
postmedieval,drnandico
postmedieval,GTS_Lincoln
ArtmuseumNews,danielagtz
stanfordpress,CAP_Ltd
ArtmuseumNews,HarryMcCarthy
RSAorg,m_bassnett
Exhaust_Fumes,jotis13
sourdoughchef,DrDanielleTW
sourdoughchef,Bibliophilenick
CUP_LitPerform,cambUP_History
ArtmuseumNews,rgwakeman
RSAorg,elsjevankessel
RSAorg,RSAorg
elsjevankessel,RSAorg
MrDrurySci,MrDrurySci
MrDrurySci,AyyVeeBee
LisandraEsteve1,LFG_Hist
LisandraEsteve1,drnandico
LisandraEsteve1,GTS_Lincoln
Library_RIA,TLRHub
Library_RIA,TLRHub
elo_dav,_Rachel_Healy_
elo_dav,RSAorg
TCDEnglish,TLRHub
TCDEnglish,TLRHub
ArtmuseumNews,Hannah_Wiepke
ikonotaph,danielagtz
RSAorg,_Rachel_Healy_
RSAorg,RSAorg
_Rachel_Healy_,RSAorg
mariapower,MrDrurySci
mariapower,AyyVeeBee
RSAorg,danielagtz
RSAorg,HarryMcCarthy
RSAorg,rgwakeman
RSAorg,sourdoughchef
RSAorg,AyyVeeBee
RSAorg,jessica_sciarra
RSAorg,rgwakeman
RSAorg,medrenliza
ciuhct,ErcRutter
ciuhct,ErcRutter
ciuhct,ErcRutter
ciuhct,JMMorenoMadrid
ciuhct,ErcRutter
ReimaginingLinc,LFG_Hist
ReimaginingLinc,drnandico
ReimaginingLinc,GTS_Lincoln
ULHistory,LFG_Hist
ULHistory,drnandico
ULHistory,GTS_Lincoln
SarahALang_,jotis13
currmon,LFG_Hist
currmon,drnandico
currmon,GTS_Lincoln
e_b_wood,LFG_Hist
e_b_wood,drnandico
e_b_wood,GTS_Lincoln
sourdoughchef,AyyVeeBee
GTS_Lincoln,LFG_Hist
GTS_Lincoln,drnandico
GTS_Lincoln,GTS_Lincoln
LFG_Hist,drnandico
LFG_Hist,GTS_Lincoln
365Carroll,RSAorg
WorthingtonD,EM_Central_Eu
DelilahBermudez,MarCavendishSoc
IMEMSDurham,boydellbrewer
IMEMSDurham,IMEMSDurham
AuthorizingW,anna_kowalcze
AuthorizingW,MarCavendishSoc
MarCavendishSoc,anna_kowalcze
MarCavendishSoc,MarCavendishSoc
GVogeler,de_dedris
GVogeler,SarahALang_
herman_nick_,maudlaelejeune
RonaldClarke,degruyter_arts
RSAorg,Hannah_Wiepke
RSAorg,ReidProf
RSAorg,MrDrurySci
RSAorg,AyyVeeBee
MrDrurySci,AyyVeeBee
samsonaws,HistoriasPod1
elo_dav,kmschultz24
elo_dav,cath_fletcher
elo_dav,NGIreland
elo_dav,stefanovil
elo_dav,Patricksmcg
LalaineLittle,NMIreland
JTMassey79,RSAorg
CamLibResearch,robert_stagg
CamLibResearch,RSAorg
RSAorg,saskia_limbach
RSAorg,RSAorg
RSAorg,L_Sansonetti
RSAorg,RSAorg
RSAorg,robert_stagg
RSAorg,RSAorg
robert_stagg,RSAorg
L_Sansonetti,RSAorg
StoffSebi,de_dedris
StoffSebi,SarahALang_
samsonaws,munoz90_laura
samsonaws,kello_robin
samsonaws,VRasbridge
saskia_limbach,RSAorg
DrPastonsRUs,erinkrowe
ArtmuseumNews,robert_stagg
ArtmuseumNews,RSAorg
ArtmuseumNews,emi_rowe
RSAorg,jmcardenas_
RSAorg,robert_stagg
RSAorg,RSAorg
RSAorg,RenskeHoff
RSAorg,emi_rowe
RSAorg,maudlaelejeune
RSAorg,sian_hibbert
RSAorg,rosiejcousins
feinzeit,erinkrowe
DECIMAUoT,RSAorg
EHPC_BookSeries,utpress
iberianart,HistoriasPod1
NunoTwitting,HistoriasPod1
joanne1503,RSAorg
publicationbot,sian_hibbert
robert_stagg,RSAorg
egaffney4,HistoriasPod1
HolguinSandie,HistoriasPod1
alchemietagung,erinkrowe
AmsterdamUPress,NoteArtHerstory
AmsterdamUPress,AmsterdamUPress
AmsterdamUPress,RSAorg
robert_stagg,RSAorg
SHARPorgNews,jotis13
RSAorg,BethanyGaunt1
RSAorg,medrenliza
RSAorg,dcvanderlinden
RSAorg,erinkrowe
RSAorg,HistoriasPod1
RSAorg,robert_stagg
RSAorg,RSAorg
RSAorg,owilliamsdc
RSAorg,TraceLarkhall
RSAorg,cath_fletcher
RSAorg,NGIreland
RSAorg,munoz90_laura
RSAorg,RhondaSharrah
RSAorg,nikkiclarke1
RSAorg,nam__rao
RSAorg,jotis13
RSAorg,vitticomacchi
RSAorg,PhdNatale
RSAorg,AnnaRCusack
Moonbootica,cath_fletcher
Moonbootica,NGIreland
munoz90_laura,RhondaSharrah
owilliamsdc,TraceLarkhall
cath_fletcher,NGIreland
cath_fletcher,NGIreland
CarlPaltr,jotis13
owilliamsdc,jotis13
robert_stagg,RSAorg
FArmillei,stefanovil
FArmillei,L_Sansonetti
ChachiaE,owilliamsdc
DH_Graz,de_dedris
DH_Graz,SarahALang_
emi_rowe,BethanyGaunt1
carolatte44,robert_stagg
carolatte44,RSAorg
stanley_wells,robert_stagg
stanley_wells,RSAorg
robert_stagg,RSAorg
CecileFromont,RSAorg
oscarro90,RSAorg
DJWrisley,DelilahBermudez
ArtmuseumNews,RSAorg
alchemietagung,BethanyGaunt1
HeidiMalagisi1,JSpanUK
PStiffell,EmmaLCahill
RSAorg,ArtHistoryJulia
RSAorg,jotis13
RSAorg,FranRothwellHug
RSAorg,WeiaoX
RSAorg,cenewcombe
RSAorg,anna_kowalcze
RSAorg,puckinspirit
RSAorg,csukendall
RSAorg,robert_stagg
RSAorg,RSAorg
RSAorg,LindaAnnNolan
RSAorg,RSAorg
RSAorg,serenadinepi
RSAorg,stefanovil
RSAorg,_EMoDiR_
RSAorg,helena_w_strom
RSAorg,EM_Central_Eu
RSAorg,MariaSalenius
RSAorg,walla7437
RSAorg,jessrachelhoney
RSAorg,munoz90_laura
RSAorg,kello_robin
RSAorg,VRasbridge
RECIRC_,jotis13
guttnerus,RSAorg
munoz90_laura,kello_robin
munoz90_laura,VRasbridge
365Carroll,RSAorg
Caramuelisa,Benito_Navarret
Caramuelisa,unisevilla
Caramuelisa,CIRIMA4
marshelle_w,walla7437
marshelle_w,jessrachelhoney
walla7437,jessrachelhoney
AliceISullivan,EM_Central_Eu
magdajanosik,EM_Central_Eu
thatklynch,jotis13
_conorgalvin,rhetorician
_conorgalvin,sarahceross
_conorgalvin,EmmaLCahill
AriellaMinden,AmsterdamUPress
AriellaMinden,mandyrichter_fi
AriadnayPunto,NobincisUCM
AriadnayPunto,RSAorg
IPlescia,robert_stagg
IPlescia,RSAorg
Dirk_van_Miert,jotis13
serenadinepi,stefanovil
serenadinepi,_EMoDiR_
serenadinepi,helena_w_strom
LindaAnnNolan,RSAorg
robert_stagg,RSAorg
anna_kowalcze,puckinspirit
gj_kemp,jotis13
ArtmuseumNews,LeaderAnnePhD
RichardTYoder1,stefanovil
shakesinireland,RECIRC_
shakesinireland,RSAorg
L_Sansonetti,stefanovil
samklai,jotis13
stefanovil,RichardTYoder1
egaffney4,ArtHistoryJulia
_EMoDiR_,RichardTYoder1
RSAorg,RichardTYoder1
RSAorg,RhondaSharrah
RSAorg,ReidProf
RSAorg,RECIRC_
RSAorg,RSAorg
RECIRC_,RSAorg
AlbertRolls1,medrenliza
BrothersCammy,stefanovil
BrothersCammy,BrothersCammy
BrothersCammy,CelenzaChris
RhondaSharrah,ReidProf
Barataria1615,MedGoldenAge
FarahmBazzi,murphyhs2019
briancasey123,boydellbrewer
briancasey123,IMEMSDurham
jeffjarvis,puckinspirit
jeffjarvis,APettegree
CaritasKhanasak,degruyter_arts
CaritasKhanasak,dg_medieval
CaritasKhanasak,degruyter_arts
ArtmuseumNews,owilliamsdc
ArtmuseumNews,medrenliza
RSAorg,murphyhs2019
RSAorg,JSpanUK
RSAorg,rhetorician
RSAorg,stefanovil
dg_medieval,degruyter_arts
dg_medieval,dg_medieval
dg_medieval,degruyter_arts
RSAorg,degruyter_arts
RSAorg,dg_medieval
RSAorg,degruyter_arts
RSAorg,rhetorician
RSAorg,sarahceross
degruyter_arts,dg_medieval
rhetorician,sarahceross
GameCulturesSoc,AmsterdamUPress
iberianart,Benito_Navarret
iberianart,unisevilla
iberianart,CIRIMA4
DrPastonsRUs,boydellbrewer
Caramuelisa,Benito_Navarret
Caramuelisa,unisevilla
Caramuelisa,CIRIMA4
GrainneBlair,AmsterdamUPress
egaffney4,AmsterdamUPress
egaffney4,AmsterdamUPress
egaffney4,CelenzaChris
egaffney4,AmsterdamUPress
GalleKarl,murphyhs2019
dg_medieval,degruyter_arts
robert_stagg,RSAorg
Molocus2,EdwardWorthLib
ArtmuseumNews,richardcalis
ArtmuseumNews,trude_dijkstra
luisribeiro,ErcRutter
SergiBravo,NobincisUCM
SergiBravo,RSAorg
SarahALang_,de_dedris
SarahALang_,SarahALang_
NobincisUCM,RSAorg
jrdiazfernan88,CAP_Ltd
jrdiazfernan88,LaraDodds
jrdiazfernan88,MichelleMDowd
jrdiazfernan88,UnivNebPress
salustio_maria,EdwardWorthLib
LaraDodds,CAP_Ltd
LaraDodds,LaraDodds
LaraDodds,MichelleMDowd
LaraDodds,UnivNebPress
MichelleMDowd,CAP_Ltd
MichelleMDowd,LaraDodds
MichelleMDowd,MichelleMDowd
MichelleMDowd,UnivNebPress
CanaryCaroline,boydellbrewer
Tom5731,EdwardWorthLib
stefanovil,BrothersCammy
EHPC_BookSeries,chandrica_barua
EHPC_BookSeries,RSAorg
egaffney4,chandrica_barua
egaffney4,RSAorg
GlenFearce1,Benito_Navarret
GlenFearce1,unisevilla
GlenFearce1,CIRIMA4
murphyhs2019,EdwardWorthLib
LFG_Hist,Benito_Navarret
LFG_Hist,unisevilla
LFG_Hist,CIRIMA4
RSAorg,EdwardWorthLib
RSAorg,fairban_c
RSAorg,DelilahBermudez
RSAorg,robert_stagg
CIRIMA4,Benito_Navarret
CIRIMA4,unisevilla
CIRIMA4,CIRIMA4
RSAorg,Benito_Navarret
RSAorg,unisevilla
RSAorg,CIRIMA4
CIRIMA4,Benito_Navarret
CIRIMA4,unisevilla
CIRIMA4,CIRIMA4
Benito_Navarret,unisevilla
Benito_Navarret,CIRIMA4
jrdiazfernan88,AmsterdamUPress
jrdiazfernan88,HaigZS
ps2270,RSAorg
Benito_Navarret,unisevilla
Benito_Navarret,CIRIMA4
ArtmuseumNews,owilliamsdc
CAP_Ltd,caviaremptor
jotis13,DelilahBermudez
Rochi_Saiyajin,AmsterdamUPress
BenjaminRedding,boydellbrewer
veredes,Sagarq_
veredes,tcddublin
TimHarrisBrown,boydellbrewer
CLLMcCallum,Julien_LeMauff
CLLMcCallum,RSAorg
NatashaSerne,EdwardWorthLib
moveteachinspir,EdwardWorthLib
CamLibResearch,EdwardWorthLib
FarahmBazzi,RSAorg
RSAorg,CAP_Ltd
barrytorch14,medrenliza
barrytorch14,aewaiwhy
DrCLaoutaris,AmsterdamUPress
DrCLaoutaris,CelenzaChris
RSAorg,boydellbrewer
RSAorg,Sagarq_
RSAorg,tcddublin
RSAorg,NoteArtHerstory
RSAorg,AmsterdamUPress
RSAorg,RSAorg
RSAorg,UDelPress
RSAorg,RSAorg
RSAorg,UDelPress
RSAorg,AmsterdamUPress
RSAorg,CelenzaChris
iamgabbarson,AmsterdamUPress
AmsterdamUPress,CelenzaChris
emsantos,ErcRutter
MarieAdelineT,Julien_LeMauff
MarieAdelineT,RSAorg
emsantos,ErcRutter
klaustoon,Sagarq_
klaustoon,tcddublin
canderson771,AmsterdamUPress
canderson771,canderson771
UDelPress,RSAorg
UDelPress,UDelPress
murphyhs2019,RSAorg
egaffney4,NoteArtHerstory
egaffney4,AmsterdamUPress
egaffney4,RSAorg
NoteArtHerstory,AmsterdamUPress
NoteArtHerstory,RSAorg
Sagarq_,tcddublin
RSAorg,puckinspirit
RSAorg,APettegree
puckinspirit,APettegree
egaffney4,HaigZS
egaffney4,RSAorg
egaffney4,LeaderAnnePhD
RSAorg,DelilahBermudez
RSAorg,stefanovil
RSAorg,L_Sansonetti
RSAorg,JotaDO
RSAorg,RSAorg
RSAorg,elenaspnll
DrCLaoutaris,AmsterdamUPress
L_Sansonetti,stefanovil
Mikael_Alm,AmsterdamUPress
Mikael_Alm,mandyrichter_fi
Mikael_Alm,AmsterdamUPress
Mikael_Alm,canderson771
stefanovil,L_Sansonetti
egaffney4,AmsterdamUPress
egaffney4,AmsterdamUPress
egaffney4,canderson771
egaffney4,AmsterdamUPress
egaffney4,AmsterdamUPress
egaffney4,TristanMostert
egaffney4,AmsterdamUPress
egaffney4,AmsterdamUPress
egaffney4,HaigZS
egaffney4,AmsterdamUPress
egaffney4,mandyrichter_fi
RitaEsposito22,AmsterdamUPress
medrenliza,RECIRC_
ClioVis,chiaracapulli
ClioVis,florence4d
ClioVis,MichelaYoung
prometheus_eV,degruyter_arts
RSAorg,LeaderAnnePhD
RSAorg,anna_kowalcze
RSAorg,MarCavendishSoc
RSAorg,HarryMcCarthy
JotaDO,RSAorg
RSAorg,owilliamsdc
RSAorg,medrenliza
RSAorg,Liekevdeinsen
RSAorg,AmsterdamUPress
RSAorg,degruyter_arts
RSAorg,emi_rowe
RSAorg,BethanyGaunt1
RSAorg,stella_wisgrill
RSAorg,AmsterdamUPress
RSAorg,HaigZS
RSAorg,richardcalis
RSAorg,trude_dijkstra
RSAorg,jotis13
RSAorg,stefanovil
RSAorg,AmsterdamUPress
RSAorg,AmsterdamUPress
RSAorg,mandyrichter_fi
RSAorg,chiaracapulli
RSAorg,florence4d
RSAorg,MichelaYoung
RSAorg,chiaracapulli
RSAorg,cambUP_History
RSAorg,medrenliza
RSAorg,marshelle_w
quijoteduca,MedGoldenAge
quijoteduca,RSAorg
quijoteduca,of_cervantes
quijoteduca,CaliopeSrbhp
RSAorg,owilliamsdc
RSAorg,NiallOddy
medrenliza,RECIRC_
RSAorg,stefanovil
RSAorg,medrenliza
RSAorg,owilliamsdc
RSAorg,nam__rao
RSAorg,OwenKane
RSAorg,ManchesterUP
RSAorg,Julien_LeMauff
RSAorg,RSAorg
RSAorg,ErcRutter
RSAorg,chandrica_barua
RSAorg,RSAorg
RSAorg,HaigZS
RSAorg,RSAorg
RSAorg,ErcRutter
DelilahBermudez,anna_kowalcze
DelilahBermudez,MarCavendishSoc
GrahamRKings,stefanovil
owilliamsdc,CecileFromont
marshelle_w,medrenliza
marshelle_w,marshelle_w
marshelle_w,owilliamsdc
marshelle_w,medrenliza
marshelle_w,medrenliza
medrenliza,marshelle_w
Caramuelisa,TLRHub
Caramuelisa,TLRHub
JMMorenoMadrid,ErcRutter
eternalmagpie,andiesilva
florence4d,chiaracapulli
florence4d,florence4d
florence4d,MichelaYoung
HaigZS,RSAorg
MiraAssafK,owilliamsdc
MiraAssafK,medrenliza
chandrica_barua,RSAorg
NielsNykrog,RSAorg
Maritime1400,AmsterdamUPress
Maritime1400,HaigZS
DannyBuckUEA,stefanovil
DigtalHumanatee,chiaracapulli
DigtalHumanatee,chiaracapulli
DigtalHumanatee,florence4d
DigtalHumanatee,MichelaYoung
ERC_TIDE,AmsterdamUPress
ERC_TIDE,HaigZS
JMMorenoMadrid,ErcRutter
lauren_working,AmsterdamUPress
lauren_working,HaigZS
owilliamsdc,TLRHub
owilliamsdc,tcddublin
owilliamsdc,tcdalumni
owilliamsdc,TCDEnglish
owilliamsdc,tcdlibrary
owilliamsdc,TCDResearchColl
owilliamsdc,EvePatten9
owilliamsdc,AMHansen22
owilliamsdc,CaoimheWhelan
Ryan_Asquez,stefanovil
HaigZS,AmsterdamUPress
HaigZS,HaigZS
BotLabhd,chiaracapulli
BotLabhd,chiaracapulli
BotLabhd,florence4d
BotLabhd,MichelaYoung
chiaracapulli,florence4d
chiaracapulli,MichelaYoung
DrCLaoutaris,AmsterdamUPress
AmsterdamUPress,mandyrichter_fi
mirellamarini1,AmsterdamUPress
CAP_Ltd,LaraDodds
CAP_Ltd,MichelleMDowd
CAP_Ltd,UnivNebPress
JonathanEgid,Julien_LeMauff
JonathanEgid,RSAorg
richardcalis,trude_dijkstra
AmsterdamUPress,HaigZS
emi_rowe,BethanyGaunt1
Julien_LeMauff,RSAorg
jotis13,RSAorg
owilliamsdc,medrenliza
HarryMcCarthy,UrvashiChakrav
HarryMcCarthy,MiraAssafK
HarryMcCarthy,Becky_Fall
HarryMcCarthy,YasmineHachimi
HarryMcCarthy,emeramchugh
HarryMcCarthy,DanCunniffe
LeaderAnnePhD,florenceasitwas
anna_kowalcze,MarCavendishSoc
ps2270,RSAorg
DrPastonsRUs,jessrachelhoney
iamgabbarson,AmsterdamUPress
iamgabbarson,TristanMostert
robert_stagg,RSAorg
HiddenCitiesEU,stefanovil
HiddenCitiesEU,FJNevola
HiddenCitiesEU,HiddenCitiesEU
owilliamsdc,medrenliza
FJNevola,stefanovil
FJNevola,FJNevola
FJNevola,HiddenCitiesEU
CecileFromont,RSAorg
AmsterdamUPress,TristanMostert
Caramuelisa,owilliamsdc
Caramuelisa,tcddublin
L_Sansonetti,VINCE_Mate
AmsterdamUPress,canderson771
anna_kowalcze,RSAorg
LonardJulien3,JSpanUK
ArtmuseumNews,RSAorg
ykaeRenaissance,medrenliza
ykaeRenaissance,UrvashiChakrav
maxson_brian,AmsterdamUPress
RSAorg,MedGoldenAge
AndreamLondon,degruyter_arts
RSAorg,Medienstuebchen
RSAorg,dg_medieval
RSAorg,degruyter_arts
RSAorg,RSAorg
RSAorg,UKY_Classics
ClaireMacLeod42,gj_kemp
ClaireMacLeod42,martinevanelk
shakesinireland,vitticomacchi
ArtmuseumNews,dg_medieval
ArtmuseumNews,degruyter_arts
ArtmuseumNews,RSAorg
stefanovil,_EMoDiR_
Medienstuebchen,dg_medieval
Medienstuebchen,degruyter_arts
Medienstuebchen,RSAorg
BillSherman_,SRSRenSoc
BillSherman_,Warburg_News
RSAorg,ReidProf
OxonResearch,JSpanUK
CaoimheWhelan,TLRHub
CaoimheWhelan,TLRHub
Becky_Fall,medrenliza
Becky_Fall,medrenliza
Becky_Fall,emeramchugh
Becky_Fall,medrenliza
APettegree,gj_kemp
APettegree,universalstc
APettegree,elisewatson_
APettegree,JE_Baxter
Becky_Fall,medrenliza
Becky_Fall,MiraAssafK
Becky_Fall,debapriya__s
Becky_Fall,medrenliza
Becky_Fall,YasmineHachimi
Becky_Fall,medrenliza
Becky_Fall,UrvashiChakrav
Becky_Fall,YasmineHachimi
degruyter_arts,dg_medieval
degruyter_arts,degruyter_arts
degruyter_arts,RSAorg
DiLeed,YasmineHachimi
RSAorg,vitticomacchi
ArtmuseumNews,RhondaSharrah
RSAorg,robert_stagg
RSAorg,RSAorg
RSAorg,anna_kowalcze
RSAorg,Benito_Navarret
RSAorg,puckinspirit
RSAorg,dg_medieval
RSAorg,degruyter_arts
RSAorg,RSAorg
RSAorg,RhondaSharrah
eringriffey,egaffney4
onslies,serenadinepi
onslies,onslies
onslies,_EMoDiR_
onslies,RSAorg
onslies,helena_w_strom
onslies,stefanovil
dg_medieval,degruyter_arts
dg_medieval,RSAorg
dg_medieval,RSAorg
dg_medieval,degruyter_arts
sartorialfoodie,AmsterdamUPress
sartorialfoodie,m_bassnett
olgag,trude_dijkstra
olgag,GenieYoo818
olgag,TristanMostert
WandaWyporska,emi_rowe
robert_stagg,RSAorg
UChicagoAlumni,MedGoldenAge
robert_stagg,RSAorg
SoenViolet,gj_kemp
SoenViolet,martinevanelk
ArtmuseumNews,robert_stagg
ArtmuseumNews,RSAorg
ArtmuseumNews,nam__rao
walkerabroad,medrenliza
AHHEresearch,puckinspirit
AHHEresearch,egaffney4
AHHEresearch,evelynwelch2013
AHHEresearch,cath_fletcher
BA_McShane,boydellbrewer
BA_McShane,IMEMSDurham
RSAorg,SRSRenSoc
RSAorg,Warburg_News
RenSwordClub,bramvanleuveren
SRSRenSoc,Warburg_News
a__medievalist,TLRHub
a__medievalist,TLRHub
RSAorg,MedGoldenAge
RSAorg,ErcRutter
RSAorg,JarrikVDBiest
RSAorg,WyffelsHeleen
RSAorg,DieterCammaerts
RSAorg,KnowStudents
RSAorg,EMHLeuven
RSAorg,WyffelsHeleen
freya_sierhuis,TLRHub
freya_sierhuis,TLRHub
ArtmuseumNews,_EMoDiR_
JMMorenoMadrid,ErcRutter
JarrikVDBiest,WyffelsHeleen
JarrikVDBiest,DieterCammaerts
JarrikVDBiest,KnowStudents
JarrikVDBiest,EMHLeuven
JarrikVDBiest,WyffelsHeleen
anitaocooper,owilliamsdc
anitaocooper,tcddublin
restalrig,JSpanUK
CCSDham,boydellbrewer
CCSDham,IMEMSDurham
monksinmotion,boydellbrewer
monksinmotion,IMEMSDurham
medrenliza,aewaiwhy
katkosior,JSpanUK
MiraAssafK,YasmineHachimi
jotis13,andiesilva
tcdlibrary,TLRHub
tcdlibrary,TLRHub
RareBookLibAntw,ana_strl
stefanovil,LilyChadwick13
ArtmuseumNews,EmmaLCahill
stefanovil,owilliamsdc
stefanovil,tcddublin
jotis13,evelynwelch2013
jotis13,cath_fletcher
RSAorg,MedGoldenAge
RSAorg,MedGoldenAge
RSAorg,L_Sansonetti
RSAorg,ana_strl
RSAorg,TLRHub
RSAorg,TLRHub
RSAorg,YasmineHachimi
evelynwelch2013,cath_fletcher
RSAorg,owilliamsdc
RSAorg,tcddublin
Christophe_Fir,ana_strl
victorianclare,TLRHub
victorianclare,TLRHub
klillington,TLRHub
klillington,TLRHub
TLRHub,TLRHub
RSAorg,andiesilva
VVAK_nl,trude_dijkstra
VVAK_nl,GenieYoo818
VVAK_nl,TristanMostert
medrenliza,emeramchugh
stefanovil,Patricksmcg
Risk2021,ana_strl
jotis13,owilliamsdc
jotis13,tcddublin
Nicosia_Marissa,medrenliza
byjennytan,CAP_Ltd
byjennytan,UrvashiChakrav
byjennytan,PennPress
jamielockejones,gj_kemp
jamielockejones,martinevanelk
PennPress,CAP_Ltd
PennPress,UrvashiChakrav
PennPress,PennPress
Library_RIA,owilliamsdc
Library_RIA,tcddublin
MiraAssafK,medrenliza
MiraAssafK,MiraAssafK
MiraAssafK,debapriya__s
MiraAssafK,medrenliza
MiraAssafK,YasmineHachimi
MiraAssafK,medrenliza
MiraAssafK,Becky_Fall
MiraAssafK,medrenliza
MiraAssafK,UrvashiChakrav
MiraAssafK,medrenliza
YasmineHachimi,medrenliza
YasmineHachimi,YasmineHachimi
YasmineHachimi,medrenliza
owilliamsdc,tcddublin
RSAorg,jotis13
RSAorg,CAP_Ltd
jotis13,RECIRC_
Jibunnessa,Beckalex
WorthingtonD,RSAorg
WorthingtonD,RSAorg
RSAorg,stefanovil
RSAorg,MRospocher
RSAorg,Benito_Navarret
RSAorg,robert_stagg
RSAorg,RSAorg
RSAorg,nam__rao
RSAorg,egaffney4
RSAorg,Dries_Raey
RSAorg,medrenliza
RSAorg,MiraAssafK
RSAorg,debapriya__s
RSAorg,RECIRC_
RSAorg,davkell
RSAorg,CAP_Ltd
RSAorg,Beckalex
RSAorg,RichardTYoder1
RSAorg,histcatholiques
RichardTYoder1,histcatholiques
RSAorg,FFf6f
RSAorg,utpress
MMAHendriksen,trude_dijkstra
MMAHendriksen,GenieYoo818
MMAHendriksen,TristanMostert
BotLabhd,RECIRC_
BotLabhd,davkell
RECIRC_,davkell
DavidRdeBoer,dcvanderlinden
ArtmuseumNews,robert_stagg
ArtmuseumNews,RSAorg
medrenliza,MiraAssafK
medrenliza,debapriya__s
RosanneBaars,dcvanderlinden
Dries_Raey,dcvanderlinden
RECIRC_,davkell
BotLabhd,RECIRC_
BotLabhd,earlymodirish
RECIRC_,earlymodirish
medrenliza,YasmineHachimi
RenSwordClub,JSpanUK
RECIRC_,earlymodirish
aewaiwhy,medrenliza
ECFjournal,UDelPress
ECFjournal,UDelPress
KathrynVSantos,aewaiwhy
KathrynVSantos,Becky_Fall
medrenliza,Becky_Fall
cazmarris,Liekevdeinsen
cazmarris,NinaGeerdink
tinasmussen,emi_rowe
egaffney4,AmsterdamUPress
robert_stagg,RSAorg
robert_stagg,nam__rao
stefanovil,MRospocher
CAP_Ltd,cherbuliez
CAP_Ltd,FordhamPress
medrenliza,UrvashiChakrav
quevedoking,JSpanUK
RSAorg,boydellbrewer
RSAorg,IMEMSDurham
RSAorg,degruyter_arts
RSAorg,aewaiwhy
RSAorg,Becky_Fall
RSAorg,drMCailloux
RSAorg,MedGoldenAge
RSAorg,MedGoldenAge
RSAorg,RSAorg
RSAorg,of_cervantes
RSAorg,CaliopeSrbhp
RSAorg,Brepols
RSAorg,RSAorg
RECIRC_,evan_bourke
RECIRC_,macmorr1s_
MedGoldenAge,RSAorg
MedGoldenAge,of_cervantes
MedGoldenAge,CaliopeSrbhp
Brepols,RSAorg
senjatanuklir,trude_dijkstra
senjatanuklir,GenieYoo818
senjatanuklir,TristanMostert
egaffney4,martinamampy
egaffney4,aewaiwhy
egaffney4,Becky_Fall
egaffney4,medrenliza
CUHistoryDept,RSAorg
CUHistoryDept,RSAorg
stefanovil,FJNevola
stefanovil,HiddenCitiesEU
CAP_Ltd,UrvashiChakrav
CAP_Ltd,PennPress
aewaiwhy,Becky_Fall
boydellbrewer,IMEMSDurham
saframpton,trude_dijkstra
saframpton,GenieYoo818
saframpton,TristanMostert
egaffney4,robert_stagg
egaffney4,RSAorg
egaffney4,L_Sansonetti
iberianart,degruyter_arts
CanaryCaroline,boydellbrewer
stefanovil,_EMoDiR_
EHPC_BookSeries,AmsterdamUPress
EHPC_BookSeries,rgwakeman
RSAorg,andiesilva
RSAorg,Torabik5
RSAorg,owilliamsdc
JenniferRichar7,emi_rowe
RSAorg,martinamampy
ArtmuseumNews,RSAorg
ArtmuseumNews,RSAorg
GenieYoo818,trude_dijkstra
GenieYoo818,GenieYoo818
GenieYoo818,TristanMostert
deirdre_flynn,MooreInst
deirdre_flynn,davkell
deirdre_flynn,RECIRC_
andiesilva,Torabik5
DrCLaoutaris,AmsterdamUPress
WromanticHistry,JSpanUK
egaffney4,owilliamsdc
egaffney4,Benito_Navarret
egaffney4,JSpanUK
egaffney4,_EMoDiR_
egaffney4,emi_rowe
egaffney4,HistorianDiary
egaffney4,AmsterdamUPress
egaffney4,Liekevdeinsen
egaffney4,NinaGeerdink
mirellamarini1,JSpanUK
egaffney4,trude_dijkstra
egaffney4,GenieYoo818
egaffney4,TristanMostert
hiramjmorgan,_EMoDiR_
egaffney4,samanthaflutist
RSAorg,_EMoDiR_
RSAorg,AmsterdamUPress
RSAorg,VINCE_Mate
RSAorg,trude_dijkstra
RSAorg,GenieYoo818
RSAorg,TristanMostert
Ines_benardc,ErcRutter
RSAorg,stella_wisgrill
RSAorg,HistorianDiary
RSAorg,samanthaflutist
RSAorg,robert_stagg
RSAorg,RSAorg
RSAorg,utpress
RSAorg,UDelPress
RSAorg,UDelPress
LindaAnnNolan,helena_w_strom
LindaAnnNolan,LindaAnnNolan
CourtStudies,JSpanUK
LibraryLivingJT,UDelPress
LibraryLivingJT,UDelPress
UDelPress,UDelPress
alexaj_mcc,degruyter_arts
cguyver,JSpanUK
ZBrookman,gj_kemp
ZBrookman,universalstc
ZBrookman,elisewatson_
ZBrookman,JE_Baxter
CarelWesselius,trude_dijkstra
CarelWesselius,GenieYoo818
CarelWesselius,TristanMostert
davkell,MooreInst
davkell,davkell
davkell,RECIRC_
SarahCorrigans,MooreInst
SarahCorrigans,davkell
SarahCorrigans,RECIRC_
robert_stagg,RSAorg
literaczy,trude_dijkstra
literaczy,GenieYoo818
literaczy,TristanMostert
helena_w_strom,_EMoDiR_
DevinFitzger,trude_dijkstra
DevinFitzger,GenieYoo818
DevinFitzger,TristanMostert
FranRothwellHug,stella_wisgrill
trude_dijkstra,GenieYoo818
RSAorg,rgwakeman
RSAorg,degruyter_arts
samuscript,emi_rowe
BooksAndGuts,emi_rowe
stefanovil,kmschultz24
TyCloigin,dg_medieval
TyCloigin,dg_medieval
RSAorg,DrJDeCamillis
RSAorg,LeaderAnnePhD
RSAorg,hofmannaw
RSAorg,DJWrisley
RSAorg,LeaderAnnePhD
RSAorg,MaddenAmanda
RSAorg,dcvanderlinden
RSAorg,EmmaLCahill
RSAorg,katharinaost
RSAorg,Liekevdeinsen
RSAorg,NinaGeerdink
RSAorg,AmsterdamUPress
RSAorg,bramvanleuveren
RSAorg,Barbara_E_Mundy
RSAorg,c_i_mcnamara
RSAorg,dollar_isabel
RSAorg,sourdoughchef
RSAorg,SueseyStreet
RSAorg,maudlaelejeune
RSAorg,AmsterdamUPress
RSAorg,m_bassnett
RSAorg,AyyVeeBee
RSAorg,serenadinepi
RSAorg,emodir
RSAorg,helena_w_strom
RSAorg,_EMoDiR_
RSAorg,GalenOfPergamum
RSAorg,EarlyTcd
RSAorg,TLRHub
egaffney4,AmsterdamUPress
egaffney4,AmsterdamUPress
egaffney4,AmsterdamUPress
egaffney4,m_bassnett
egaffney4,AmsterdamUPress
egaffney4,c_weeda
RSAorg,gj_kemp
RSAorg,universalstc
RSAorg,elisewatson_
RSAorg,JE_Baxter
RSAorg,medrenliza
RSAorg,owilliamsdc
RSAorg,stefanovil
RSAorg,SpenserSociety
RSAorg,drMCailloux
RSAorg,sjarchives
RSAorg,MarshsLibrary
RSAorg,StonyArchivum
RSAorg,medrenliza
RSAorg,boydellbrewer
RSAorg,owilliamsdc
RSAorg,stefanovil
RSAorg,TarrantNeil
RSAorg,degruyter_arts
degruyter_arts,dg_medieval
degruyter_arts,degruyter_arts
degruyter_arts,dg_medieval
RSAorg,helena_w_strom
RSAorg,LindaAnnNolan
RSAorg,de_dedris
RSAorg,SarahALang_
RSAorg,dg_medieval
RSAorg,degruyter_arts
RSAorg,dg_medieval
RSAorg,stefanovil
RSAorg,elo_dav
stefanovil,elo_dav
RSAorg,CAP_Ltd
dg_medieval,degruyter_arts
dg_medieval,dg_medieval
de_dedris,SarahALang_
theriversideUCC,medrenliza
RSAorg,serenadinepi
RSAorg,onslies
RSAorg,martinamampy
RSAorg,adam_shear
RSAorg,MasudaQureshi
RSAorg,RSAorg
RSAorg,DanCunniffe
RSAorg,dg_medieval
RSAorg,dg_medieval
RSAorg,robert_stagg
RSAorg,RSAorg
stefanovil,helena_w_strom
stefanovil,LindaAnnNolan
RSAorg,VINCE_Mate
RSAorg,emi_rowe
helena_w_strom,LindaAnnNolan
RSAorg,Julien_LeMauff
RSAorg,CAP_Ltd
jotis13,owilliamsdc
jotis13,WSperrazza
jotis13,jotis13
jotis13,FolgerLibrary
jotis13,FolgerResearch
RSAorg,Benito_Navarret
JSpanUK,bramvanleuveren
cmadruga,ErcRutter
cmadruga,JMMorenoMadrid
stefanovil,TarrantNeil
JE_Baxter,gj_kemp
JE_Baxter,universalstc
JE_Baxter,elisewatson_
JE_Baxter,JE_Baxter
DrPastonsRUs,boydellbrewer
A_der_Weduwen,gj_kemp
A_der_Weduwen,universalstc
A_der_Weduwen,elisewatson_
A_der_Weduwen,JE_Baxter
Real_Person_DH,MooreInst
Real_Person_DH,davkell
Real_Person_DH,RECIRC_
saskia_limbach,Liekevdeinsen
saskia_limbach,NinaGeerdink
sjarchives,MarshsLibrary
DrAliceQst,MappingInns
sjarchives,MarshsLibrary
SpenserSociety,SpenserSociety
helena_w_strom,serenadinepi
helena_w_strom,emodir
helena_w_strom,helena_w_strom
helena_w_strom,_EMoDiR_
helena_w_strom,stefanovil
helena_w_strom,helena_w_strom
helena_w_strom,_EMoDiR_
helena_w_strom,stefanovil
helena_w_strom,stefanovil
helena_w_strom,onslies
helena_w_strom,_EMoDiR_
helena_w_strom,stefanovil
RichardTYoder1,stefanovil
RichardTYoder1,onslies
RichardTYoder1,_EMoDiR_
CAP_Ltd,PennPress
CAP_Ltd,kim_a_coles
DigtalHumanatee,MooreInst
DigtalHumanatee,davkell
DigtalHumanatee,RECIRC_
MooreInst,davkell
MooreInst,RECIRC_
restalrig,maudlaelejeune
emodmetals,emi_rowe
OxfordPublicity,utpress
robert_stagg,RSAorg
degruyter_arts,dg_medieval
degruyter_arts,dg_medieval
SocHistoireLyon,maudlaelejeune
DrJDeCamillis,readallthepoems
TLRHub,EarlyTcd
TLRHub,TLRHub
dg_medieval,dg_medieval
_EMoDiR_,stefanovil
medrenliza,owilliamsdc
gj_kemp,universalstc
gj_kemp,elisewatson_
MasudaQureshi,RSAorg
HPSshouts,GalenOfPergamum
ps2270,RSAorg
ps2270,RSAorg
_EMoDiR_,stefanovil
_EMoDiR_,onslies
_EMoDiR_,_EMoDiR_
stefanovil,onslies
stefanovil,_EMoDiR_
medrenliza,owilliamsdc
serenadinepi,onslies
MmeMetacarpiano,LFG_Hist
MmeMetacarpiano,RSAorg
Dubliniaviking,DrAliceQst
_EMoDiR_,stefanovil
AmsterdamUPress,c_weeda
m_bassnett,AmsterdamUPress
m_bassnett,m_bassnett
_EMoDiR_,serenadinepi
_EMoDiR_,emodir
_EMoDiR_,helena_w_strom
Liekevdeinsen,gj_kemp
Liekevdeinsen,martinevanelk
_EMoDiR_,stefanovil
_EMoDiR_,helena_w_strom
_EMoDiR_,_EMoDiR_
stefanovil,helena_w_strom
stefanovil,_EMoDiR_
stanley_wells,robert_stagg
stanley_wells,RSAorg
joel__herman,EarlyTcd
joel__herman,TLRHub
EarlyTcd,TLRHub
Library_RIA,GalenOfPergamum
AndereAesthetik,katharinaost
AdelmanJuliana,c_i_mcnamara
_EMoDiR_,_EMoDiR_
serenadinepi,emodir
serenadinepi,helena_w_strom
LondRenaissance,RSAorg
LondRenaissance,RSAorg
NinaLamal,Liekevdeinsen
NinaLamal,NinaGeerdink
tlindenberger,alexkaest
AmsterdamUPress,m_bassnett
teol03,maudlaelejeune
daanvanheesch,Liekevdeinsen
daanvanheesch,NinaGeerdink
sourdoughchef,SueseyStreet
robert_stagg,puckinspirit
SpColl_KULeuven,Liekevdeinsen
SpColl_KULeuven,NinaGeerdink
SpColl_KULeuven,martinevanelk
SpColl_KULeuven,WyffelsHeleen
martinevanelk,Liekevdeinsen
martinevanelk,NinaGeerdink
bramvanleuveren,Barbara_E_Mundy
NinaGeerdink,Liekevdeinsen
NinaGeerdink,NinaGeerdink
RareBookLibAntw,Liekevdeinsen
RareBookLibAntw,NinaGeerdink
Liekevdeinsen,NinaGeerdink
owilliamsdc,WSperrazza
owilliamsdc,jotis13
owilliamsdc,FolgerLibrary
owilliamsdc,FolgerResearch
anna_kowalcze,RSAorg
anna_kowalcze,RSAorg
owilliamsdc,RSAorg
owilliamsdc,RSAorg
martinamampy,RSAorg
martinamampy,RSAorg
DrAliceQst,L_Sansonetti
RSAorg,RSAorg
ArtmuseumNews,Sagarq_
profecowling,utpress
profecowling,profecowling
LeaderAnnePhD,friede
LeaderAnnePhD,MaddenAmanda
DSenasi,martinevanelk
DSenasi,KathyAcheson
DSenasi,wolfrestonward
DSenasi,RenskeHoff
DSenasi,gj_kemp
DSenasi,WhiteMicheline
DSenasi,memps2
LeaderAnnePhD,hofmannaw
LeaderAnnePhD,DJWrisley
YLuvSh,utpress
YLuvSh,profecowling
EvaKemenade,bramvanleuveren
RSAorg,puckinspirit
RSAorg,serenadinepi
RSAorg,onslies
RSAorg,_EMoDiR_
RSAorg,RSAorg
RSAorg,helena_w_strom
RSAorg,stefanovil
RSAorg,jessrachelhoney
Nicosia_Marissa,historecipes
rare_cooking,historecipes
RabiaGregory,degruyter_arts
egaffney4,degruyter_arts
egaffney4,utpress
egaffney4,profecowling
egaffney4,LFG_Hist
egaffney4,RSAorg
egaffney4,L_Sansonetti
egaffney4,puckinspirit
martinamampy,_EMoDiR_
bobbyholunder,_EMoDiR_
serenadinepi,onslies
serenadinepi,_EMoDiR_
serenadinepi,RSAorg
serenadinepi,helena_w_strom
serenadinepi,stefanovil
ArtmuseumNews,andiesilva
evelynwelch2013,BarnabyNygren
evelynwelch2013,FranRothwellHug
evelynwelch2013,RSAorg
evelynwelch2013,RenSkinKCL
evelynwelch2013,PaoloGall0
PabloPwilliamsg,utpress
RSAorg,_EMoDiR_
RSAorg,FranRothwellHug
RSAorg,JuanjuanGuo1
RSAorg,L_Sansonetti
RSAorg,LFG_Hist
RSAorg,RSAorg
rromeromedina,Benito_Navarret
rromeromedina,FernandoMaras
JorisOddens,EMLC_journal
LFG_Hist,RSAorg
shakesinireland,EmmaLCahill
shakesinireland,victorginori
RSAorg,victorginori
RSAorg,utpress
RSAorg,utpress
ArtmuseumNews,DrEmanuelaVai
ArtmuseumNews,jasonkrw
ArtmuseumNews,RSAorg
DerekJohnBryant,MarshsLibrary
helena_w_strom,_EMoDiR_
angela_mcshane,susandamussen
angela_mcshane,SSEMWomenGender
RSAorg,owilliamsdc
RSAorg,DrJanMachielsen
RSAorg,degruyter_arts
RSAorg,EvaKemenade
RSAorg,MarshsLibrary
elenaspnll,fairban_c
elenaspnll,elenaspnll
elenaspnll,AyyVeeBee
umn_arthistory,DrJanMachielsen
ArtmuseumNews,jotis13
ArtmuseumNews,CaitlinBurge95
PalmeriJoAnn,ErcRutter
utpress,profecowling
EvaKemenade,MarshsLibrary
adelevaleria,martinamampy
adelevaleria,RSAorg
adelevaleria,_EMoDiR_
adelevaleria,_EMoDiR_
adelevaleria,martinamampy
adelevaleria,_EMoDiR_
madmcmahon,stefanovil
bramvanleuveren,markronan79
CecileFromont,rose_byfleet
CecileFromont,RSAorg
RSAorg,_EMoDiR_
RSAorg,EmmaLCahill
RSAorg,Sagarq_
RSAorg,andiesilva
RSAorg,degruyter_arts
RSAorg,helena_w_strom
RSAorg,robert_stagg
RSAorg,RSAorg
mariapower,jotis13
RSAorg,Benito_Navarret
RSAorg,NGIreland
mariapower,kmschultz24
mariapower,3rdChapterProj
mariapower,IrishArtsBeat
mariapower,robert_stagg
mariapower,RSAorg
Benito_Navarret,NGIreland
Benito_Navarret,NGIreland
EvaKemenade,kmschultz24
ArtmuseumNews,csukendall
ConstantinidouN,VINCE_Mate
JMMorenoMadrid,ErcRutter
Benito_Navarret,Sagarq_
JMMorenoMadrid,ErcRutter
JMMorenoMadrid,JMMorenoMadrid
wilaroney,NoteArtHerstory
wilaroney,AmsterdamUPress
jtheibault,jotis13
jtheibault,DJWrisley
jtheibault,LeaderAnnePhD
jtheibault,andiesilva
ericawetter,CAP_Ltd
ericawetter,stanfordpress
ericawetter,ericbsong
AshleyRaynera,DrJanMachielsen
stefanovil,helena_w_strom
robert_stagg,RSAorg
projectcornelia,ASRadermecker
_EMoDiR_,_EMoDiR_
RichardTYoder1,_EMoDiR_
RichardTYoder1,_EMoDiR_
EyesBachmann,VINCE_Mate
curroperez,Sagarq_
curroperez,Benito_Navarret
Benito_Navarret,stefanovil
_EMoDiR_,helena_w_strom
stanfordpress,CAP_Ltd
stanfordpress,stanfordpress
stanfordpress,ericbsong
historyinheels,historecipes
RSAorg,_EMoDiR_
RSAorg,stefanovil
RSAorg,ErcRutter
RSAorg,JMMorenoMadrid
spenceweinreich,EMLoneliness
RSAorg,DrEmanuelaVai
RSAorg,jasonkrw
RSAorg,RSAorg
alchemietagung,historecipes
DrEmanuelaVai,jasonkrw
DrEmanuelaVai,RSAorg
_EMoDiR_,stefanovil
ArtmuseumNews,EURONEWSproject
HanLamers,richardcalis
HanLamers,RSAorg
ErcRutter,JMMorenoMadrid
HanLamers,richardcalis
HanLamers,RSAorg
RSAorg,DrAliceQst
RSAorg,_EMoDiR_
RSAorg,Federic89313481
RSAorg,stefanovil
RSAorg,jasonkrw
RSAorg,_EMoDiR_
RSAorg,stefanovil
RSAorg,ErcRutter
_EMoDiR_,stefanovil
ArtmuseumNews,jotis13
Benito_Navarret,FernandoMaras
iberianart,elsjevankessel
iberianart,CecileFromont
iberianart,erinkrowe
iberianart,Benito_Navarret
iberianart,cvincentcassy
iberianart,NGIreland
iberianart,RSAorg
renascimed,_EMoDiR_
renascimed,historecipes
iberianart,Sagarq_
iberianart,Benito_Navarret
renascimed,historecipes
MariaHarriet10,MariaHarriet10
jasonkrw,DrEmanuelaVai
jasonkrw,RSAorg
jasonkrw,jasonkrw
_EMoDiR_,stefanovil
egaffney4,AmsterdamUPress
jamescosullivan,andiesilva
jamescosullivan,SaraMansutti
mikecosgrave,andiesilva
mikecosgrave,SaraMansutti
CaitlinBurge95,jotis13
SaraMansutti,EURONEWSproject
SaraMansutti,andiesilva
SaraMansutti,SaraMansutti
SaraMansutti,andiesilva
SaraMansutti,SaraMansutti
RabiaGregory,EditorialMAC
ManchesterUP,EditorialMAC
RSAorg,EditorialMAC
RSAorg,Brepols
RSAorg,RSAorg
Brepols,RSAorg
WSperrazza,susandamussen
WSperrazza,SSEMWomenGender
HPSshouts,historecipes
HPSshouts,historecipes
RSAorg,AmsterdamUPress
RSAorg,robert_stagg
RSAorg,robertaklimt
RSAorg,RSAorg
RSAorg,utpress
robert_stagg,robertaklimt
robert_stagg,RSAorg
RichardTYoder1,_EMoDiR_
Hector_LinaresG,_EMoDiR_
Hector_LinaresG,RichardTYoder1
Alafont2011,Sagarq_
Alafont2011,Benito_Navarret
ElenaSiletti,EMoBookTrade
RSAorg,stefanovil
RSAorg,Sagarq_
RSAorg,Benito_Navarret
RSAorg,Benito_Navarret
RSAorg,cvincentcassy
RSAorg,NGIreland
RSAorg,RSAorg
ArtmuseumNews,robert_stagg
ArtmuseumNews,tcddublin
ArtmuseumNews,RSAorg
Benito_Navarret,Sagarq_
Benito_Navarret,Benito_Navarret
Benito_Navarret,cvincentcassy
Benito_Navarret,NGIreland
Benito_Navarret,RSAorg
rebeccaromani,MiraAssafK
rebeccaromani,daraghjgrant
Benito_Navarret,cvincentcassy
Benito_Navarret,NGIreland
Benito_Navarret,RSAorg
medrenliza,martinevanelk
_EMoDiR_,stefanovil
Sagarq_,Benito_Navarret
RSAorg,markronan79
jotis13,FolgerLibrary
jotis13,FolgerResearch
RSAorg,LeaderAnnePhD
RSAorg,jotis13
RSAorg,WSperrazza
RSAorg,LeaderAnnePhD
RSAorg,DJWrisley
RSAorg,elisewatson_
RSAorg,MIP_medpub
RSAorg,LeaderAnnePhD
RSAorg,CAP_Ltd
RSAorg,stanfordpress
RSAorg,ericbsong
RSAorg,stefanovil
RSAorg,degruyter_arts
RSAorg,_EMoDiR_
RSAorg,VINCE_Mate
RSAorg,_EMoDiR_
RSAorg,jotis13
RSAorg,CaitlinBurge95
jotis13,CaitlinBurge95
RSAorg,Benito_Navarret
RSAorg,NGIreland
RSAorg,martinamampy
RSAorg,_EMoDiR_
martinamampy,_EMoDiR_
martinamampy,_EMoDiR_
stefanovil,_EMoDiR_
FutureBoxingPhD,AnnaRCusack
Dirk_van_Miert,jotis13
Dirk_van_Miert,CaitlinBurge95
stefanovil,_EMoDiR_
jotis13,CaitlinBurge95
Benito_Navarret,NGIreland
_EMoDiR_,stefanovil
ArtmuseumNews,JuanjuanGuo1
egaffney4,AmsterdamUPress
jotis13,EmmaLCahill
magpie,jotis13
magpie,MaddenAmanda
RareBookLibAntw,elisewatson_
ericbsong,CAP_Ltd
ericbsong,stanfordpress
ericbsong,ericbsong
Imogen_Knox,FnzToGo
CAP_Ltd,stanfordpress
MIP_medpub,LeaderAnnePhD
LeaderAnnePhD,DJWrisley
LeaderAnnePhD,DJWrisley
LeaderAnnePhD,jotis13
JLynnFraser1,AmsterdamUPress
RSAorg,jotis13
AHHEresearch,helena_w_strom
RSAorg,gyzyby
RSAorg,csukendall
RSAorg,MiraAssafK
RSAorg,daraghjgrant
RSAorg,mirellamarini1
RSAorg,ASRadermecker
RSAorg,AmsterdamUPress
fairban_c,EmmaLCahill
AHHEresearch,egaffney4
AHHEresearch,NGIreland
KimOosterlinck,ASRadermecker
AHHEresearch,katharinaost
universalstc,elisewatson_
universalstc,MarshsLibrary
universalstc,JE_Baxter
universalstc,MarshsLibrary
universalstc,A_der_Weduwen
universalstc,elisewatson_
RichardTYoder1,_EMoDiR_
RichardTYoder1,RichardTYoder1
RichardTYoder1,stefanovil
RichardTYoder1,RichardTYoder1
AHHEresearch,RSAorg
ULHistory,LFG_Hist
ULHistory,RSAorg
EHPC_BookSeries,jessica_sciarra
livesandletters,samuscript
TimHarrisBrown,MarshsLibrary
TimHarrisBrown,susandamussen
TimHarrisBrown,SSEMWomenGender
daraghjgrant,MiraAssafK
daraghjgrant,daraghjgrant
publicradionerd,MiraAssafK
publicradionerd,daraghjgrant
egaffney4,AmsterdamUPress
egaffney4,stefanovil
egaffney4,RichardTYoder1
MiraAssafK,daraghjgrant
boomloos,SarahALang_
boomloos,Transkribus
emi_rowe,samuscript
CJSlaby,RSAorg
CanaryCaroline,boydellbrewer
RSAorg,stefanovil
RSAorg,RichardTYoder1
ArtmuseumNews,profastreete
ArtmuseumNews,jdmccafferty
RSAorg,samuscript
RSAorg,AmsterdamUPress
TimHarrisBrown,_EMoDiR_
emsantos,salomoni1986
Jodesdublin,MarshsLibrary
ana_strl,fairban_c
ana_strl,ana_strl
Alvarus_lat,richardcalis
Alvarus_lat,RSAorg
egaffney4,LFG_Hist
egaffney4,RSAorg
egaffney4,rose_byfleet
egaffney4,RSAorg
egaffney4,RSAorg
egaffney4,fairban_c
egaffney4,GavinHollis19
egaffney4,_EMoDiR_
egaffney4,GalenOfPergamum
egaffney4,RIAdawson
egaffney4,jessica_sciarra
egaffney4,SpenserSociety
egaffney4,SpenserSociety
egaffney4,fairban_c
egaffney4,ana_strl
egaffney4,salomoni1986
egaffney4,EURONEWSproject
RSAorg,CateAgostini
RSAorg,andiesilva
RSAorg,andiesilva
RSAorg,EURONEWSproject
RSAorg,alexkaest
RSAorg,DrJanMachielsen
RSAorg,serenadinepi
RSAorg,LFG_Hist
RSAorg,RSAorg
YasminHaskell,stefanovil
YasminHaskell,_EMoDiR_
ProfM_Azzolini,salomoni1986
Real_Person_DH,serenadinepi
Real_Person_DH,EvelienChayes
LFG_Hist,RSAorg
_EMoDiR_,stefanovil
_EMoDiR_,RichardTYoder1
stefanovil,_EMoDiR_
stefanovil,RichardTYoder1
UDelPress,RutgersUPress
stefanovil,RichardTYoder1
RSAorg,sourdoughchef
RSAorg,herbstreet
RSAorg,AmsterdamUPress
egaffney4,AmsterdamUPress
BunyanSociety,_EMoDiR_
RSAorg,AnnaRCusack
egaffney4,AmsterdamUPress
egaffney4,AmsterdamUPress
RSAorg,BeneCastagna
egaffney4,AmsterdamUPress
egaffney4,AmsterdamUPress
egaffney4,susan_cogan
egaffney4,AmsterdamUPress
egaffney4,AmsterdamUPress
RSAorg,rhetorician
RSAorg,MarshsLibrary
RSAorg,GalenOfPergamum
RSAorg,RIAdawson
RSAorg,stefanovil
RSAorg,_EMoDiR_
RSAorg,csukendall
egaffney4,AmsterdamUPress
egaffney4,sarah_cockram
RSAorg,LeaderAnnePhD
RSAorg,sepoltuario
RSAorg,owilliamsdc
RSAorg,SarahALang_
RSAorg,Transkribus
RSAorg,PrintDiplomacy
RSAorg,andiesilva
CateAgostini,DJWrisley
RSAorg,jotis13
RSAorg,DJWrisley
andiesilva,SaraMansutti
RSAorg,DrJDeCamillis
RSAorg,DrJDeCamillis
CateAgostini,DJWrisley
RSAorg,_EMoDiR_
RSAorg,degruyter_arts
RSAorg,dg_medieval
RSAorg,degruyter_arts
RSAorg,DJWrisley
RSAorg,medrenliza
RSAorg,GavinHollis19
RSAorg,daraghjgrant
RSAorg,fairban_c
RSAorg,GavinHollis19
AnnaRCusack,FnzToGo
RSAorg,_EMoDiR_
RSAorg,pdurdel
RSAorg,DJWrisley
RSAorg,3rdChapterProj
RSAorg,IrishArtsBeat
_EMoDiR_,RichardTYoder1
RSAorg,SpenserSociety
RSAorg,SpenserSociety
RSAorg,boydellbrewer
RSAorg,EmmaLCahill
RSAorg,andiesilva
RSAorg,SHARPorg
RSAorg,IrishArtsBeat
RSAorg,fairban_c
RSAorg,ana_strl
RSAorg,serenadinepi
RSAorg,EvelienChayes
RSAorg,VINCE_Mate
CateAgostini,DJWrisley
RSAorg,kmschultz24
RSAorg,_EMoDiR_
RSAorg,stefanovil
andiesilva,SaraMansutti
RSAorg,DrJanMachielsen
RSAorg,FnzToGo
RSAorg,susan_cogan
RSAorg,AmsterdamUPress
RSAorg,Sagarq_
RSAorg,richardcalis
RSAorg,RSAorg
RSAorg,robert_stagg
RSAorg,tcddublin
RSAorg,RSAorg
RSAorg,dg_medieval
RSAorg,RSAorg
Flitcraft,kmschultz24
la_bargainista,kmschultz24
RSAorg,salomoni1986
RSAorg,martinamampy
RSAorg,RSAorg
RSAorg,MooreInst
RSAorg,MooreInst
RSAorg,Brepols
RSAorg,jessica_sciarra
DrJanMachielsen,kmschultz24
RSAorg,jotis13
RSAorg,DHInstitute
RSAorg,RSAorg
LibraryLivingJT,UDelPress
LibraryLivingJT,UDelPress
RSAorg,robert_stagg
RSAorg,RSAorg
RSAorg,ErcRutter
RSAorg,CAP_Ltd
CateAgostini,andiesilva
CateAgostini,andiesilva
RSAorg,rose_byfleet
RSAorg,RSAorg
RSAorg,serenadinepi
RSAorg,RSAorg
_EMoDiR_,stefanovil
serenadinepi,RSAorg
CristinaLAlfar,rhetorician
17thc_students,kmschultz24
rose_byfleet,RSAorg
andiesilva,GoldenAgents
DigtalHumanatee,serenadinepi
DigtalHumanatee,EvelienChayes
CaritasKhanasak,dg_medieval
CaritasKhanasak,RenSkinKCL
BotLabhd,serenadinepi
BotLabhd,EvelienChayes
serenadinepi,EvelienChayes
EvaJohannaH,fairban_c
EvaJohannaH,ana_strl
dg_medieval,RenSkinKCL
_EMoDiR_,stefanovil
fairban_c,ana_strl
andiesilva,Torabik5
andiesilva,SHARPorg
joaotomaz77,elsjevankessel
joaotomaz77,CecileFromont
joaotomaz77,erinkrowe
SpenserSociety,SpenserSociety
3rdChapterProj,IrishArtsBeat
salomoni1986,ErcRutter
robert_stagg,RSAorg
JMMorenoMadrid,salomoni1986
andiesilva,jotis13
andiesilva,andiesilva
andiesilva,humcommons
jotis13,andiesilva
jotis13,humcommons
CKullmannAuthor,MarshsLibrary
Real_Person_DH,andiesilva
DJWrisley,jotis13
erinannmcc,susandamussen
erinannmcc,SSEMWomenGender
jotis13,DHInstitute
jotis13,RSAorg
diffandrep,medrenliza
diffandrep,GavinHollis19
MooreInst,MooreInst
dg_medieval,degruyter_arts
dg_medieval,dg_medieval
dg_medieval,degruyter_arts
anna_kowalcze,RSAorg
HPSshouts,SarahALang_
HPSshouts,Transkribus
martinamampy,RSAorg
fairban_c,GavinHollis19
stefanovil,_EMoDiR_
publicationbot,degruyter_arts
publicationbot,dg_medieval
publicationbot,degruyter_arts
medrenliza,GavinHollis19
jotis13,DJWrisley
L_Sansonetti,RSAorg
degruyter_arts,dg_medieval
degruyter_arts,RSAorg
degruyter_arts,dg_medieval
degruyter_arts,degruyter_arts
AmsterdamUPress,susan_cogan
AmsterdamUPress,AmsterdamUPress
jotis13,DJWrisley
ff_joanna,MarshsLibrary
serenadinepi,_EMoDiR_
serenadinepi,stefanovil
LHArtBooks,egaffney4
LHArtBooks,NoteArtHerstory
LHArtBooks,LHArtBooks
LHArtBooks,RSAorg
LHArtBooks,SRSRenSoc
LHArtBooks,LHArtBooks
LHArtBooks,NoteArtHerstory
LHArtBooks,LHArtBooks
ff_joanna,MarshsLibrary
jotis13,DJWrisley
StuartKells,tcdlibrary
StuartKells,TLRHub
andiesilva,DJWrisley
eurospan,UDelPress
eurospan,UDelPress
StuartKells,MarshsLibrary
Library_RIA,magdajanosik
Library_RIA,GalenOfPergamum
Library_RIA,HistoryElaine
stefanovil,_EMoDiR_
luisribeiro,salomoni1986
RSprugnoli,SarahALang_
RSprugnoli,Transkribus
DJWrisley,andiesilva
SarahALang_,magdajanosik
SarahALang_,GalenOfPergamum
SarahALang_,HistoryElaine
DigtalHumanatee,andiesilva
andiesilva,jotis13
martinamampy,stefanovil
martinamampy,_EMoDiR_
BotLabhd,andiesilva
TomosEvans01,richardcalis
TomosEvans01,RSAorg
DigNeoLatin,SarahALang_
DigNeoLatin,Transkribus
CaritasKhanasak,dg_medieval
CaritasKhanasak,RSAorg
dg_medieval,RSAorg
_EMoDiR_,stefanovil
NinaLamal,helmers_h
valentinalepri,JarrikVDBiest
valentinalepri,DieterCammaerts
jotis13,MaddenAmanda
SarahALang_,Transkribus
memps2,susandamussen
memps2,SSEMWomenGender
jotis13,LeaderAnnePhD
drMCailloux,RSAorg
jotis13,LeaderAnnePhD
jotis13,sepoltuario
sepoltuario,LeaderAnnePhD
sepoltuario,sepoltuario
HPSshouts,GalenOfPergamum
HPSshouts,RIAdawson
LeaderAnnePhD,sepoltuario
richardcalis,RSAorg
_EMoDiR_,stefanovil
_EMoDiR_,_EMoDiR_
GalenOfPergamum,RSAorg
bridgetw1807,MarshsLibrary
stefanovil,_EMoDiR_
GalenOfPergamum,RIAdawson
DrCLaoutaris,susan_cogan
DrCLaoutaris,AmsterdamUPress
FabrizioBaldas6,magdajanosik
FabrizioBaldas6,GalenOfPergamum
FabrizioBaldas6,HistoryElaine
jotis13,MaddenAmanda
DrCLaoutaris,EHPC_BookSeries
DrCLaoutaris,AmsterdamUPress
robert_stagg,tcddublin
robert_stagg,RSAorg
robert_stagg,RSAorg
degruyter_arts,RSAorg
LFG_Hist,hannahmgk
Ines_benardc,salomoni1986
susandamussen,susandamussen
susandamussen,SSEMWomenGender
mirellamarini1,susandamussen
mirellamarini1,SSEMWomenGender
sourdoughchef,herbstreet
AmsterdamUPress,sarah_cockram
ErcRutter,salomoni1986
bramvanleuveren,bramvanleuveren
LdeLHV,susandamussen
LdeLHV,SSEMWomenGender
dorothee_goetze,emdiplomacy
susan_cogan,AmsterdamUPress
restalrig,bramvanleuveren
mirellamarini1,bramvanleuveren
bobbyholunder,ManchesterUP
LenaOetzel,emdiplomacy
MuratOgutcu1985,jackiewatson05
FemArtColl,NoteArtHerstory
FemArtColl,AmsterdamUPress
dorothee_goetze,bramvanleuveren
RenSwordClub,LeblancHelene4
egaffney4,c_i_mcnamara
egaffney4,Hannah_Wiepke
RSAorg,c_i_mcnamara
BewerFrancesca,JessieWHChen
RSAorg,Hannah_Wiepke
RSAorg,emilieKMmurphy
AmsterdamUPress,NoteArtHerstory
AmsterdamUPress,AmsterdamUPress
AmsterdamUPress,EHPC_BookSeries
AmsterdamUPress,AmsterdamUPress
jdmccafferty,profastreete
jdmccafferty,jdmccafferty
diegolazzarich,RSAorg
SRSRenSoc,egaffney4
SRSRenSoc,NoteArtHerstory
SRSRenSoc,LHArtBooks
SRSRenSoc,RSAorg
SRSRenSoc,SRSRenSoc
SRSRenSoc,LHArtBooks
ArtmuseumNews,FFf6f
sophie_hartles,EvaKemenade
ProfM_Azzolini,FranRothwellHug
UnivNebPress,CAP_Ltd
UnivNebPress,UnivNebPress
RSAorg,susandamussen
RSAorg,SSEMWomenGender
RSAorg,JuanjuanGuo1
RSAorg,fairban_c
RSAorg,elenaspnll
RSAorg,AyyVeeBee
RSAorg,aly_gran
Sean_MacKinnon_,boydellbrewer
egaffney4,stefanovil
restalrig,martinevanelk
restalrig,KathyAcheson
restalrig,wolfrestonward
restalrig,RenskeHoff
restalrig,gj_kemp
restalrig,WhiteMicheline
restalrig,memps2
UMDHistGradProg,stefanovil
fairban_c,elenaspnll
fairban_c,AyyVeeBee
WhiteMicheline,martinevanelk
WhiteMicheline,KathyAcheson
WhiteMicheline,wolfrestonward
WhiteMicheline,RenskeHoff
WhiteMicheline,gj_kemp
WhiteMicheline,WhiteMicheline
WhiteMicheline,memps2
shakesinireland,martinevanelk
shakesinireland,KathyAcheson
shakesinireland,wolfrestonward
shakesinireland,RenskeHoff
shakesinireland,gj_kemp
shakesinireland,WhiteMicheline
shakesinireland,memps2
oldcatsle,martinevanelk
oldcatsle,KathyAcheson
oldcatsle,wolfrestonward
oldcatsle,RenskeHoff
oldcatsle,gj_kemp
oldcatsle,WhiteMicheline
oldcatsle,memps2
shakesinireland,JessieWHChen
LFG_Hist,erinkrowe
RSAorg,hurley_blaithin
restalrig,susandamussen
restalrig,SSEMWomenGender
susandamussen,SSEMWomenGender
RSAorg,profastreete
RSAorg,jdmccafferty
RSAorg,walla7437
RSAorg,bramvanleuveren
RSAorg,EHPC_BookSeries
RSAorg,AmsterdamUPress
JamieFreeman2,walla7437
EHPC_BookSeries,AmsterdamUPress
DrPastonsRUs,walla7437
DrPastonsRUs,hannahmgk
DannyBuckUEA,stefanovil
KathyAcheson,martinevanelk
KathyAcheson,KathyAcheson
KathyAcheson,wolfrestonward
KathyAcheson,RenskeHoff
KathyAcheson,gj_kemp
KathyAcheson,WhiteMicheline
KathyAcheson,memps2
CecileFromont,RSAorg
worldhistcommon,jotis13
worldhistcommon,worldhistcommon
HPSshouts,magdajanosik
HPSshouts,GalenOfPergamum
HPSshouts,HistoryElaine
profastreete,jdmccafferty
DrJanMachielsen,stefanovil
sourdoughchef,CAP_Ltd
TaraLLyons,martinevanelk
TaraLLyons,KathyAcheson
TaraLLyons,wolfrestonward
TaraLLyons,RenskeHoff
TaraLLyons,gj_kemp
TaraLLyons,WhiteMicheline
TaraLLyons,memps2
memps2,martinevanelk
memps2,KathyAcheson
memps2,wolfrestonward
memps2,RenskeHoff
memps2,gj_kemp
memps2,WhiteMicheline
memps2,memps2
RSAorg,FranRothwellHug
RSAorg,magdajanosik
RSAorg,GalenOfPergamum
RSAorg,HistoryElaine
ArtmuseumNews,e_b_wood
magdajanosik,GalenOfPergamum
magdajanosik,HistoryElaine
PStiffell,RSAorg
RenskeHoff,martinevanelk
RenskeHoff,KathyAcheson
RenskeHoff,wolfrestonward
RenskeHoff,RenskeHoff
RenskeHoff,gj_kemp
RenskeHoff,WhiteMicheline
RenskeHoff,memps2
RSAorg,puckinspirit
RSAorg,MassiRiviera
RSAorg,JessieWHChen
RSAorg,NoteArtHerstory
RSAorg,AmsterdamUPress
maryknewman,robert_stagg
maryknewman,RSAorg
JGrogan10,boydellbrewer
RSAorg,robert_stagg
RSAorg,RSAorg
RSAorg,RSAorg
JGrogan10,L_Sansonetti
rivkagreen,EvaKemenade
restalrig,JessieWHChen
egaffney4,NoteArtHerstory
egaffney4,AmsterdamUPress
egaffney4,JessieWHChen
NoteArtHerstory,AmsterdamUPress
BrothersCammy,JessieWHChen
JenniferRichar7,robert_stagg
JenniferRichar7,RSAorg
DupreSven,JessieWHChen
juliathelast,robert_stagg
juliathelast,RSAorg
BookwormVaught,robert_stagg
BookwormVaught,RSAorg
robert_stagg,RSAorg
GmezConsuelo,EvaKemenade
jrdiazfernan88,RSAorg
ArtmuseumNews,mirellamarini1
drmelmarshall,rhetorician
gj_kemp,martinevanelk
gj_kemp,KathyAcheson
gj_kemp,wolfrestonward
gj_kemp,RenskeHoff
gj_kemp,gj_kemp
gj_kemp,WhiteMicheline
gj_kemp,memps2
drmelmarshall,egaffney4
drmelmarshall,NGIreland
angelag_94,EvaKemenade
SusanWabuda,martinevanelk
SusanWabuda,KathyAcheson
SusanWabuda,wolfrestonward
SusanWabuda,RenskeHoff
SusanWabuda,gj_kemp
SusanWabuda,WhiteMicheline
SusanWabuda,memps2
RSAorg,EMoBookTrade
RSAorg,martinevanelk
RSAorg,KathyAcheson
RSAorg,wolfrestonward
RSAorg,RenskeHoff
RSAorg,gj_kemp
RSAorg,WhiteMicheline
RSAorg,memps2
egarparper,Benito_Navarret
egarparper,TrinityCollege1
egarparper,RSAorg
RSAorg,DrAliceQst
RSAorg,RSAorg
DrAliceQst,RSAorg
EmilmetalBooks,andiesilva
martinevanelk,KathyAcheson
martinevanelk,wolfrestonward
martinevanelk,RenskeHoff
martinevanelk,gj_kemp
martinevanelk,WhiteMicheline
ArtmuseumNews,DrJanMachielsen
RSAorg,FFf6f
RSAorg,EmmaLCahill
IPlescia,L_Sansonetti
RSAorg,jessrachelhoney
RSAorg,L_Sansonetti
RSAorg,UDelPress
RSAorg,UDelPress
UDelPress,UDelPress
egaffney4,NoteArtHerstory
egaffney4,LHArtBooks
egaffney4,RSAorg
egaffney4,SRSRenSoc
egaffney4,LHArtBooks
degruyter_arts,MIP_medpub
LFG_Hist,CecileFromont
LFG_Hist,erinkrowe
LFG_Hist,elsjevankessel
SRSRenSoc,NoteArtHerstory
SRSRenSoc,LHArtBooks
RSAorg,degruyter_arts
L_Sansonetti,DrAliceQst
UDelPress,eurospan
LFG_Hist,elsjevankessel
LFG_Hist,CecileFromont
LFG_Hist,erinkrowe
freya_sierhuis,stefanovil
freya_sierhuis,ChristineKooi
RSAorg,stefanovil
RSAorg,MIP_medpub
RSAorg,crosehistorian
RSAorg,NoteArtHerstory
RSAorg,LHArtBooks
RSAorg,robert_stagg
RSAorg,RSAorg
ArtmuseumNews,Benito_Navarret
ArtmuseumNews,TrinityCollege1
ArtmuseumNews,RSAorg
titacookie1974,NoteArtHerstory
titacookie1974,LHArtBooks
StefanOnEarth,dg_medieval
StefanOnEarth,Germanic_Utexas
pilotaparda,NoteArtHerstory
pilotaparda,LHArtBooks
egaffney4,stefanovil
egaffney4,ChristineKooi
egaffney4,degruyter_arts
robert_stagg,RSAorg
egaffney4,AyyVeeBee
egaffney4,NoteArtHerstory
egaffney4,LHArtBooks
NoteArtHerstory,LHArtBooks
RSAorg,Benito_Navarret
RSAorg,periodeye
RSAorg,RSAorg
Germanic_Utexas,dg_medieval
Germanic_Utexas,Germanic_Utexas
Benito_Navarret,periodeye
Benito_Navarret,RSAorg
RSAorg,dcvanderlinden
RSAorg,sian_hibbert
RSAorg,HassanaMoosa
RSAorg,LeblancHelene4
RSAorg,ManchesterUP
chiffonniere,drMCailloux
BA_McShane,sjarchives
BA_McShane,RSAorg
TroyDOsborne,stefanovil
pseaward1,JimvdMeulen
jotis13,andiesilva
jotis13,CateAgostini
Real_Person_DH,andiesilva
dcvanderlinden,sian_hibbert
andiesilva,CateAgostini
jotis13,CateAgostini
RSAorg,dg_medieval
RSAorg,Germanic_Utexas
RSAorg,AyyVeeBee
RSAorg,JimvdMeulen
jotis13,UChicagoPress
RSAorg,UChicagoPress
ParlCulture,JimvdMeulen
CecileFromont,elsjevankessel
CecileFromont,CecileFromont
CecileFromont,erinkrowe
jotis13,ReadingMaps
egaffney4,AmsterdamUPress
egaffney4,stevermentz
egaffney4,nrhelms
RSAorg,elsjevankessel
RSAorg,CecileFromont
RSAorg,erinkrowe
elsjevankessel,CecileFromont
elsjevankessel,erinkrowe
AschRonald,stefanovil
AschRonald,ChristineKooi
ISRIV,degruyter_arts
RSAorg,stefanovil
RSAorg,ChristineKooi
RSAorg,e_b_wood
RSAorg,DrAliceQst
RSAorg,degruyter_arts
RSAorg,jotis13
RSAorg,worldhistcommon
jotis13,worldhistcommon
vila_nuno,salomoni1986
RSAorg,EvelienChayes
RSAorg,RSAorg
degruyter_arts,RSAorg
SionDigit,EvelienChayes
SionDigit,RSAorg
HermanBennett1,owilliamsdc
HermanBennett1,RSAorg
feinzeit,KatieofReinhart
feinzeit,periodeye
feinzeit,DrDanielleTW
HermanBennett1,RSAorg
DerekVindice,egaffney4
DerekVindice,NGIreland
DerekVindice,owilliamsdc
DerekVindice,sourdoughchef
stefanovil,ChristineKooi
DannyBuckUEA,DrJanMachielsen
AmsterdamUPress,stevermentz
AmsterdamUPress,nrhelms
RSAorg,SpenserSociety
RSAorg,stefanovil
RSAorg,andiesilva
RSAorg,KatieofReinhart
RSAorg,RSAorg
RSAorg,DrDanielleTW
KatieofReinhart,RSAorg
KatieofReinhart,DrDanielleTW
egaffney4,fairban_c
RSAorg,mirellamarini1
RSAorg,eurospan
RSAorg,fairban_c
GameCulturesSoc,JacomienPrins
ArtmuseumNews,RSAorg
RSAorg,stefanovil
RSAorg,CAP_Ltd
RSAorg,PennPress
medrenliza,jmcardenas_
CAP_Ltd,PennPress
RSAorg,DrJanMachielsen
RSAorg,CateAgostini
RSAorg,jotis13
RSAorg,andiesilva
RSAorg,stefanovil
RSAorg,ChicagoJournals
RSAorg,RSAorg
RSAorg,utpress
DrAliceQst,JuanjuanGuo1
JacNorton,OWC_Oxford
JacNorton,RSAorg
medrenliza,nam__rao
dg_medieval,degruyter_arts
dg_medieval,dg_medieval
dg_medieval,degruyter_arts
egaffney4,markronan79
egaffney4,martinamampy
egaffney4,adam_shear
MU_AHI,sjarchives
ChicagoJournals,RSAorg
ArtmuseumNews,sophieacfordham
medrenliza,Obscure_drama
elsjevankessel,CecileFromont
elsjevankessel,erinkrowe
elsjevankessel,elsjevankessel
RSAorg,erinkrowe
RSAorg,DrJanMachielsen
RSAorg,andiesilva
PlagueBills,andiesilva
PlagueBills,andiesilva
PlagueBills,andiesilva
PlagueBills,jotis13
PlagueBills,PlagueBills
RealWroth,hannahmgk
jrdiazfernan88,jackiewatson05
jrdiazfernan88,boydellbrewer
LeonardTillerma,MarshsLibrary
RSAorg,sjarchives
LydiaHamlett,egaffney4
LydiaHamlett,NGIreland
RSAorg,DavideMartinoDM
RSAorg,EmmaLCahill
RSAorg,Becky_Fall
RSAorg,jotis13
RSAorg,degruyter_arts
RSAorg,dg_medieval
RSAorg,degruyter_arts
RSAorg,owilliamsdc
RSAorg,sourdoughchef
RSAorg,Benito_Navarret
RSAorg,TrinityCollege1
RSAorg,RSAorg
RSAorg,egaffney4
RSAorg,NGIreland
owilliamsdc,sourdoughchef
degruyter_arts,dg_medieval
degruyter_arts,degruyter_arts
SpenserSociety,RSAorg
ClericusDH,sjarchives
NoteArtHerstory,egaffney4
NoteArtHerstory,NGIreland
pdurdel,theaterjudgment
pdurdel,RSAorg
theaterjudgment,RSAorg
egaffney4,NGIreland
writingmedieval,DavideMartinoDM
Benito_Navarret,TrinityCollege1
Benito_Navarret,RSAorg
biblio_maria,MarshsLibrary
Bopper6,sourdoughchef
SolmazSadeghi1,InterEsseStudio
SolmazSadeghi1,RSAorg
athollhistory,stefanovil
egaffney4,MarshsLibrary
hirokiue1,stefanovil
LaboratorioUT2J,RSAorg
TLRHub,tcdlibrary
TLRHub,TLRHub
ArtmuseumNews,profastreete
RSAorg,Brepols
RSAorg,RSAorg
GothicMUP,ManchesterUP
GothicMUP,DrSKBarker
Brepols,RSAorg
NatashaSerne,ucdspeccoll
SoenViolet,JarrikVDBiest
SoenViolet,DieterCammaerts
RSAorg,InterEsseStudio
RSAorg,RSAorg
egaffney4,helena_w_strom
RSAorg,salomoni1986
RSAorg,robert_stagg
RSAorg,RSAorg
robert_stagg,RSAorg
egaffney4,DrAliceQst
EHPC_BookSeries,DrJanMachielsen
srochateixeira,CecileFromont
srochateixeira,erinkrowe
srochateixeira,elsjevankessel
EHPC_BookSeries,RSAorg
jtheibault,andiesilva
emsantos,salomoni1986
CJSlaby,stefanovil
JMMorenoMadrid,salomoni1986
InterEsseStudio,RSAorg
egaffney4,EvaKemenade
egaffney4,salomoni1986
Ines_benardc,salomoni1986
magpie,andiesilva
magpie,jotis13
ErcRutter,salomoni1986
renascimed,CAP_Ltd
renascimed,UTexasPress
stefanovil,helena_w_strom
egaffney4,RSAorg
reginajeffers,MarshsLibrary
RSAorg,WyffelsHeleen
RSAorg,JarrikVDBiest
RSAorg,DieterCammaerts
RSAorg,KnowStudents
RSAorg,DrAliceQst
RSAorg,DrJanMachielsen
RSAorg,stefanovil
RSAorg,CecileFromont
RSAorg,erinkrowe
RSAorg,elsjevankessel
RSAorg,degruyter_arts
RSAorg,stefanovil
RSAorg,helena_w_strom
RSAorg,Brepols
RSAorg,RSAorg
RSAorg,CAP_Ltd
RSAorg,UNDPress
RSAorg,martinamampy
RSAorg,adam_shear
RSAorg,owilliamsdc
RSAorg,RSAorg
RSAorg,boydellbrewer
RSAorg,CAP_Ltd
RSAorg,UnivNebPress
CKullmannAuthor,MarshsLibrary
RSAorg,CarlPaltr
RSAorg,RSAorg
RSAorg,ucdspeccoll
CecileFromont,erinkrowe
CecileFromont,elsjevankessel
RSAorg,CAP_Ltd
RSAorg,UTexasPress
RSAorg,rose_byfleet
RSAorg,RSAorg
RSAorg,MediciArchivePr
CristinaLAlfar,JuanjuanGuo1
CristinaLAlfar,owilliamsdc
CristinaLAlfar,RSAorg
_EMoDiR_,helena_w_strom
medrenliza,CassieGorman7
WyffelsHeleen,JarrikVDBiest
WyffelsHeleen,DieterCammaerts
WyffelsHeleen,KnowStudents
MediciArchivePr,rose_byfleet
MediciArchivePr,RSAorg
MediciArchivePr,MediciArchivePr
rose_byfleet,RSAorg
rose_byfleet,MediciArchivePr
CAP_Ltd,UTexasPress
bramvanleuveren,EvaKemenade
UCDLibrary,ucdspeccoll
jotis13,PlagueBills
jotis13,ManchesterUP
jotis13,DrSKBarker
jotis13,boydellbrewer
L_Sansonetti,RSAorg
PhdNatale,SaraMiglietti
hchesner,adam_shear
VINCE_Mate,MarshsLibrary
hchesner,martinamampy
hchesner,adam_shear
CarlPaltr,RSAorg
elisewatson_,MarshsLibrary
DannyBuckUEA,stefanovil
RichardTYoder1,stefanovil
Clarinda_Calma,anna_kowalcze
restalrig,EvaKemenade
restalrig,stefanovil
Inclinepress,hannahmgk
A_J_Lind,stefanovil
Clarinda_Calma,KnowStudents
EmanueleSalern5,cambUP_History
CAP_Ltd,UnivNebPress
JarrikVDBiest,KnowStudents
PonteIneptique,DJWrisley
PonteIneptique,jotis13
jotis13,DJWrisley
jotis13,jotis13
jotis13,andiesilva
jotis13,jotis13
ManchesterUP,DrSKBarker
boomloos,JarrikVDBiest
boomloos,DieterCammaerts
a__medievalist,JarrikVDBiest
a__medievalist,DieterCammaerts
EMHLeuven,JarrikVDBiest
EMHLeuven,DieterCammaerts
JarrikVDBiest,DieterCammaerts
DrCLaoutaris,helena_w_strom
DrCLaoutaris,RSAorg
JarrikVDBiest,KnowStudents
maryknewman,hannahmgk
restalrig,owilliamsdc
restalrig,RSAorg
owilliamsdc,RSAorg
DJWrisley,jotis13
martinamampy,adam_shear
DJWrisley,iter_community
CAP_Ltd,UNDPress
andiesilva,jotis13
feinzeit,HaehnleMirjam
rdgresident,DrJanMachielsen
jotis13,andiesilva
jotis13,andiesilva
jotis13,andiesilva
jotis13,andiesilva
jotis13,iter_community
andiesilva,iter_community
A_der_Weduwen,gj_kemp
A_der_Weduwen,martinevanelk
BridMcGrath,owilliamsdc
BridMcGrath,conversiontales
owilliamsdc,conversiontales
martinamampy,stefanovil
Brepols,RSAorg
theaterjudgment,pdurdel
theaterjudgment,RSAorg
_EMoDiR_,stefanovil
rosiejcousins,sian_hibbert
LeaderAnnePhD,RSAorg
LeaderAnnePhD,hannahmgk
jmthalmann,RSAorg
anitaocooper,gj_kemp
anitaocooper,martinevanelk
NadegeGauffre,drMCailloux
mikecosgrave,KreuzeWouter
boomloos,KnowStudents
erc_releven,katiprajda
IoannaIordanou,StDallAglio
IoannaIordanou,FIFAWorldCup
bobbyholunder,profastreete
francesblase,hannahmgk
RSAorg,OWC_Oxford
RSAorg,RSAorg
OWC_Oxford,RSAorg
AlmudenaVido,EmmaLCahill
CJSlaby,JE_Baxter
CJSlaby,MarshsLibrary
CJSlaby,A_der_Weduwen
CJSlaby,elisewatson_
ArtmuseumNews,katiprajda
SusanWabuda,EmmaLCahill
rosiejcousins,mazinggrace_
rosiejcousins,dramaticletters
RSAorg,sophieacfordham
RSAorg,OwenKane
RSAorg,EmmaLCahill
RSAorg,robert_stagg
CJSlaby,hannahmgk
CJSlaby,markronan79
robert_stagg,hannahmgk
sourdoughchef,markronan79
RSAorg,JE_Baxter
RSAorg,MarshsLibrary
RSAorg,A_der_Weduwen
RSAorg,elisewatson_
RSAorg,markronan79
RSAorg,profastreete
RSAorg,jotis13
RSAorg,L_Sansonetti
RSAorg,hannahmgk
RSAorg,JuanjuanGuo1
RSAorg,misswalsingham
RSAorg,sourdoughchef
RSAorg,WestburyDublin
RSAorg,robert_stagg
RSAorg,RSAorg
RSAorg,sourdoughchef
RSAorg,EvaKemenade
RSAorg,mazinggrace_
RSAorg,dramaticletters
RSAorg,klbrownphd
RSAorg,ArtHistoryJulia
RSAorg,Beckalex
RSAorg,spenceweinreich
ArtmuseumNews,profastreete
thechurch_ie,sourdoughchef
RSAorg,EvaKemenade
shakesinireland,RSAorg
dorothee_goetze,NinaLamal
dorothee_goetze,PrintDiplomacy
mazinggrace_,dramaticletters
ArtmuseumNews,RSAorg
ArtmuseumNews,TheCCD
LenaOetzel,NinaLamal
LenaOetzel,PrintDiplomacy
egaffney4,pdurdel
egaffney4,RSAorg
emdiplomacy,NinaLamal
emdiplomacy,PrintDiplomacy
STCVbe,gj_kemp
STCVbe,martinevanelk
helmers_h,NinaLamal
helmers_h,PrintDiplomacy
robert_stagg,RSAorg
sourdoughchef,WestburyDublin
PowerofAcademe,RSAorg
ArtmuseumNews,drMCailloux
CaitlinBurge95,emilieKMmurphy
CaitlinBurge95,CaitlinBurge95
EJ03753321,hannahmgk
RichardTYoder1,sjarchives
RichardTYoder1,RSAorg
PlagueBills,jotis13
magpie,jotis13
jotis13,markronan79
hudstrode,RSAorg
BramCaers,gj_kemp
BramCaers,martinevanelk
RebeccaTotaro,erinannmcc
wclaspy,gj_kemp
wclaspy,martinevanelk
martinevanelk,gj_kemp
martinevanelk,martinevanelk
CathleenSarti,ParlCulture
DannyBuckUEA,A_J_Lind
JE_Baxter,MarshsLibrary
JE_Baxter,A_der_Weduwen
JE_Baxter,elisewatson_
RSAorg,ParlCulture
RSAorg,JessieWHChen
RSAorg,katiprajda
RSAorg,A_J_Lind
RSAorg,ManchesterUP
RSAorg,bramvanleuveren
RSAorg,emilieKMmurphy
RSAorg,CaitlinBurge95
RSAorg,profastreete
emilieKMmurphy,CaitlinBurge95
remboitage,richardcalis
remboitage,RSAorg
ArtmuseumNews,FranRothwellHug
JessicaLBecker,sian_hibbert
ruthpaget,pdurdel
ruthpaget,RSAorg
RSAorg,tomas_a_valle
bobbyholunder,sjarchives
bobbyholunder,RSAorg
ArtmuseumNews,andiesilva
RSAorg,pdurdel
RSAorg,RSAorg
Jamespqr77,JohannPetitjean
pdurdel,RSAorg
C_M_TALLEYRAND,JacomienPrins
pdurdel,RSAorg
elsjevankessel,RSAorg
elsjevankessel,LFG_Hist
elsjevankessel,RSAorg
jotis13,gj_kemp
jotis13,martinevanelk
NinaLamal,PrintDiplomacy
RSAorg,TheCCD
elo_dav,NinaLamal
Pipstorian,trude_dijkstra
Pipstorian,EdwardWorthLib
RSAorg,jotis13
RSAorg,theaterjudgment
RSAorg,drMCailloux
CJSlaby,RSAorg
CJSlaby,jotis13
_EMoDiR_,RichardTYoder1
_EMoDiR_,_EMoDiR_
egaffney4,NinaLamal
RSAorg,NinaLamal
RSAorg,FranRothwellHug
RSAorg,Beckalex
RSAorg,andiesilva
RSAorg,jocelynmk1
RSAorg,tcddublin
RSAorg,JacomienPrins
RSAorg,sian_hibbert
jocelynmk1,tcddublin
Mihos1,KrebsVerena
RSAorg,KrebsVerena
RSAorg,RachelJWillie
RSAorg,LindaAnnNolan
RSAorg,SRSRenSoc
RSAorg,DelilahBermudez
RSAorg,jotis13
RSAorg,jotis13
RSAorg,trude_dijkstra
RSAorg,EdwardWorthLib
RSAorg,rachel_delman
RSAorg,NMIreland
RSAorg,DrEmanuelaVai
RSAorg,RSAorg
RSAorg,jasonkrw
RSAorg,sjarchives
RSAorg,RSAorg
WhiteMicheline,gj_kemp
WhiteMicheline,martinevanelk
RSAorg,ana_strl
RSAorg,RSAorg
RSAorg,Brepols
RSAorg,RSAorg
RSAorg,KatieofReinhart
RSAorg,richardcalis
RSAorg,RSAorg
JorisOddens,dcvanderlinden
erinannmcc,gj_kemp
erinannmcc,martinevanelk
rachel_delman,NMIreland
trude_dijkstra,EdwardWorthLib
DrCLaoutaris,RSAorg
dederusheni,ana_strl
dederusheni,RSAorg
DrEmanuelaVai,RSAorg
DrEmanuelaVai,jasonkrw
JotaDO,RSAorg
ArtmuseumNews,RSAorg
DrewBThomas,gj_kemp
DrewBThomas,martinevanelk
ehs_uva,EMLC_journal
universalstc,gj_kemp
universalstc,martinevanelk
CecileFromont,ana_strl
CecileFromont,RSAorg
ZBrookman,gj_kemp
ZBrookman,martinevanelk
sjarchives,RSAorg
rdgresident,LindaAnnNolan
ana_strl,RSAorg
BibSoc,gj_kemp
BibSoc,martinevanelk
VizHist,gj_kemp
VizHist,martinevanelk
SegoAG,gj_kemp
SegoAG,martinevanelk
HistorySara,gj_kemp
HistorySara,martinevanelk
Rummage_work,LindaAnnNolan
DrJanMachielsen,LindaAnnNolan
RemiMathis,gj_kemp
RemiMathis,martinevanelk
FereyNadine,gj_kemp
FereyNadine,martinevanelk
MooreInst,RSAorg
MooreInst,RSAorg
MooreInst,TheCCD
alchemietagung,KatieofReinhart
Brepols,RSAorg
diegolazzarich,RSAorg
diegolazzarich,RSAorg
diegolazzarich,TheCCD
EMHellenism,richardcalis
EMHellenism,RSAorg
ArtmuseumNews,RSAorg
MJJSchepers,dcvanderlinden
NinaLamal,dcvanderlinden
polonium_org,KnowStudents
ConstantinidouN,richardcalis
ConstantinidouN,RSAorg
richardcalis,RSAorg
SabineWaasdorp,dcvanderlinden
Liekevdeinsen,EMLC_journal
Liekevdeinsen,dcvanderlinden
TomosEvans01,richardcalis
TomosEvans01,RSAorg
richardcalis,RSAorg
t_winnerling,gj_kemp
t_winnerling,martinevanelk
renascimed,KatieofReinhart
RareBookLibAntw,gj_kemp
RareBookLibAntw,martinevanelk
_ThinkBot,dcvanderlinden
erinannmcc,DrJanMachielsen
RichardTYoder1,_EMoDiR_
ASiebach,LouisaMcKenzie
ASiebach,ExploreWellcome
egaffney4,LouisaMcKenzie
egaffney4,ExploreWellcome
egaffney4,samanthaflutist
egaffney4,JohannPetitjean
egaffney4,RSAorg
egaffney4,RSAorg
egaffney4,DrAliceQst
egaffney4,victorginori
egaffney4,RSAorg
egaffney4,serenadinepi
egaffney4,Emily_Michelson
egaffney4,RSAorg
HannadeLange1,gj_kemp
HannadeLange1,martinevanelk
emilymfg,rhetorician
egaffney4,erinannmcc
Ctfholtz,jotis13
egaffney4,gj_kemp
egaffney4,martinevanelk
Emily_Michelson,serenadinepi
Emily_Michelson,Emily_Michelson
Emily_Michelson,RSAorg
ArtmuseumNews,RSAorg
ArtmuseumNews,RSAorg
ArtmuseumNews,TheCCD
RSAorg,RSAorg
RSAorg,TheCCD
Pipstorian,gj_kemp
Pipstorian,martinevanelk
RSAorg,gj_kemp
RSAorg,martinevanelk
gj_kemp,martinevanelk
serenadinepi,Emily_Michelson
serenadinepi,RSAorg
owilliamsdc,DerekVindice
worldhistcommon,jotis13
RSAorg,RHR_news
soastier,RHR_news
soastier,RHR_news
soastier,RHR_news
soastier,rmourr
soastier,RHR_news
soastier,RHR_news
soastier,lankian
soastier,KLaveant
soastier,RHR_news
soastier,RHR_news
RHR_news,rmourr
RHR_news,lankian
RHR_news,KLaveant
thea987,sourdoughchef
thea987,UmiFalafel
thejodireeves,jotis13
bobbyholunder,DrJanMachielsen
RSAorg,DrJanMachielsen
L_Sansonetti,DrAliceQst
elenaspnll,DrAliceQst
Clarinda_Calma,KnowStudents
ArtmuseumNews,DJWrisley
RSAorg,DJWrisley
RSAorg,sourdoughchef
RSAorg,UmiFalafel
RSAorg,victorginori
jotis13,worldhistcommon
jotis13,NEH_ODH
jotis13,ACLS1919
EarlyTcd,tcdlibrary
EarlyTcd,TLRHub
RSAorg,IngramjJill
RSAorg,RSAorg
sourdoughchef,UmiFalafel
IngramjJill,RSAorg
UCDHistory,HistoryHub_ie
UCDHistory,RSAorg
UCDHistory,ejpcollins
valentinalepri,KnowStudents
ArtmuseumNews,DrJDeCamillis
RSAorg,DrJDeCamillis
RSAorg,DrAliceQst
RSAorg,rhetorician
RSAorg,DrJanMachielsen
RSAorg,KnowStudents
RSAorg,jotis13
RSAorg,RenSwordClub
RSAorg,RSAorg
RenSwordClub,RSAorg
school_tales,rhetorician
TerryMcDonald,tcdlibrary
TerryMcDonald,TLRHub
TCDResearchColl,tcdlibrary
TCDResearchColl,TLRHub
adam_shear,DrJanMachielsen
UKY_Classics,hesperides_01
UKY_Classics,CaliopeSrbhp
noraj_williams,NAShaxPodcast
MedGoldenAge,Brepols
MedGoldenAge,RSAorg
MedGoldenAge,RSAorg
RSAorg,Brepols
RSAorg,RSAorg
Brepols,RSAorg
RealSmartMedia,HistoryHub_ie
RealSmartMedia,RSAorg
RealSmartMedia,ejpcollins
1hauc5Fs9Fhr1jy,RenSwordClub
boomloos,KnowStudents
MedGoldenAge,RSAorg
RSAorg,HistoryHub_ie
RSAorg,RSAorg
RSAorg,ejpcollins
HistoryHub_ie,RSAorg
HistoryHub_ie,ejpcollins
BridMcGrath,rhetorician
RSAorg,martinamampy
RSAorg,owilliamsdc
RSAorg,RSAorg
Im_LadyFrance,PhdNatale
TCDHistArtArch,tcdlibrary
TCDHistArtArch,TLRHub
Dante_Aligheri,PhdNatale
egaffney4,PhdNatale
GPoumarede,JohannPetitjean
owilliamsdc,RSAorg
bobbyholunder,RSAorg
ArtmuseumNews,RSAorg
erinannmcc,rhetorician
dorothee_goetze,emdiplomacy
ddvlslyr,rhetorician
erinannmcc,MarshsLibrary
LenaOetzel,emdiplomacy
avoiding_bears,DrAliceQst
LilyChadwick13,Patricksmcg
LilyChadwick13,LilyChadwick13
LilyChadwick13,ciaokatet
LilyChadwick13,IMEMSDurham
IMEMSDurham,Patricksmcg
IMEMSDurham,LilyChadwick13
IMEMSDurham,ciaokatet
IMEMSDurham,IMEMSDurham
HFortepiano,samanthaflutist
RSAorg,fairban_c
ArtmuseumNews,michaelwdurrant
RSAorg,MelancolicoFVR
RSAorg,gyzyby
RSAorg,samanthaflutist
RSAorg,michaelwdurrant
RSAorg,puckinspirit
RSAorg,sourdoughchef
barrytorch14,PhdNatale
RSAorg,DrAliceQst
RSAorg,e_b_wood
RSAorg,RenSwordClub
RSAorg,PhdNatale
RSAorg,hesperides_01
RSAorg,CaliopeSrbhp
RSAorg,Patricksmcg
RSAorg,LilyChadwick13
RSAorg,ciaokatet
RSAorg,IMEMSDurham
owilliamsdc,MarshsLibrary
lex__julia,hesperides_01
lex__julia,CaliopeSrbhp
armagravinumero,hesperides_01
armagravinumero,CaliopeSrbhp
Moravian_Girls,RenSwordClub
owohi111,RenSwordClub
hesperides_01,CaliopeSrbhp
rouefortune,PhdNatale
Arnisctetg,RenSwordClub
BunyanSociety,EURONEWSproject
badachibs,RenSwordClub
ciaokatet,Patricksmcg
ciaokatet,LilyChadwick13
ciaokatet,ciaokatet
ciaokatet,IMEMSDurham
Caramuelisa,tcdlibrary
Caramuelisa,TLRHub
medievalcurator,sourdoughchef
medievalcurator,nytimesbooks
sourdoughchef,nytimesbooks
Nicosia_Marissa,gyzyby
Patricksmcg,LilyChadwick13
Patricksmcg,ciaokatet
Vanessa25974839,PhdNatale
DannyBuckUEA,PhdNatale
eltiburonish,CarlPaltr
eltiburonish,RSAorg
SaraMansutti,CarlPaltr
SaraMansutti,RSAorg
stefanovil,EURONEWSproject
JeffreyJDean,PhdNatale
RSAorg,PhdNatale
shakesinireland,MarshsLibrary
anitaocooper,tcdlibrary
anitaocooper,TLRHub
Library_RIA,tcdlibrary
Library_RIA,TLRHub
RSAorg,tcdlibrary
RSAorg,TLRHub
RSAorg,CarlPaltr
RSAorg,RSAorg
CarlPaltr,RSAorg
tcdlibrary,TLRHub
egaffney4,EURONEWSproject
corkdfas,MarshsLibrary
C21editions,EURONEWSproject
JeffreyJDean,RachelJWillie
mikecosgrave,EURONEWSproject
JeffreyJDean,MarshsLibrary
KreuzeWouter,EURONEWSproject
JeffreyJDean,vitticomacchi
RSAorg,EMoBookTrade
RSAorg,RachelJWillie
ArtmuseumNews,ilzazzerino
RSAorg,MarshsLibrary
RSAorg,ilzazzerino
RSAorg,vitticomacchi
RSAorg,GalenOfPergamum
RSAorg,RSAorg
RSAorg,EURONEWSproject
SaraMansutti,EURONEWSproject
DavideBoerio,EURONEWSproject
EnglishUCC,EURONEWSproject
JohannesStoffel,MarshsLibrary
BridMcGrath,MarshsLibrary
AndreaOttone2,EMoBookTrade
iberianart,UDelPress
iberianart,UDelPress
iberianart,RSAorg
melkatrey,GalenOfPergamum
melkatrey,RSAorg
HPSshouts,GalenOfPergamum
HPSshouts,RSAorg
egaffney4,GalenOfPergamum
egaffney4,RSAorg
GalenOfPergamum,RSAorg
GerhardLauer,EMoBookTrade
AlbertoGamGon,EMoBookTrade
puckinspirit,susannegruss
TomosEvans01,UDelPress
TomosEvans01,UDelPress
TomosEvans01,RSAorg
bobbyholunder,UDelPress
bobbyholunder,UDelPress
bobbyholunder,RSAorg
RSAorg,UDelPress
RSAorg,UDelPress
RSAorg,RSAorg
SHARPorg,andiesilva
SHARPorg,SHARPorg
egaffney4,UDelPress
egaffney4,UDelPress
egaffney4,RSAorg
jotis13,RSAorg
ArtmuseumNews,RSAorg
UDelPress,UDelPress
UDelPress,RSAorg
jotis13,andiesilva
jotis13,SHARPorg
ArtmuseumNews,melis50235155
RSAorg,andiesilva
RSAorg,SHARPorg
RSAorg,melis50235155
andiesilva,SHARPorg
jotis13,rhetorician
restalrig,rhetorician
GalenOfPergamum,RSAorg
GalenOfPergamum,RSAorg
GalenOfPergamum,RSAorg
GalenOfPergamum,NGIreland
GalenOfPergamum,cccdub
GalenOfPergamum,EdwardWorthLib
GalenOfPergamum,MoLI_Museum
hudstrode,RSAorg
hudstrode,RSAorg
maxson_brian,RSAorg
maxson_brian,RSAorg
QuotesandPlays,owilliamsdc
RSAorg,owilliamsdc
Elizabe73262080,owilliamsdc
owilliamsdc,RSAorg
owilliamsdc,RSAorg
JMMorenoMadrid,aceved0villalba
ArtmuseumNews,RSAorg
ArtmuseumNews,RSAorg
RSAorg,RSAorg
LindaAnnNolan,LouisaMcKenzie
LindaAnnNolan,ExploreWellcome
LouisaMcKenzie,ExploreWellcome
CarlPaltr,samfjf
CarlPaltr,RSAorg
EricKetelaar,emilieKMmurphy
LaboratorioUT2J,samfjf
LaboratorioUT2J,RSAorg
ikonotaph,magdajanosik
gg_beduschi,samfjf
gg_beduschi,RSAorg
ArtmuseumNews,emilieKMmurphy
RSAorg,aceved0villalba
RSAorg,emilieKMmurphy
RSAorg,samfjf
RSAorg,RSAorg
RSAorg,RenSwordClub
LalaineLittle,rhetorician
samfjf,RSAorg
samfjf,RSAorg
LalaineLittle,RSAorg
samfjf,RSAorg
vila_nuno,aceved0villalba
ErcRutter,aceved0villalba
HPSshouts,aceved0villalba
hoposjournal,aceved0villalba
renascimed,aceved0villalba
UCDflowerpower,rhetorician
TomosEvans01,rhetorician
RSAorg,EMoBookTrade
RSAorg,chnm
RSAorg,rhetorician
cathy_shrank,rhetorician
jotis13,chnm
worldhistcommon,chnm
CLLMcCallum,rhetorician
e_b_wood,rhetorician
susandamussen,rhetorician
jesshamlet,CristinaLAlfar
jesshamlet,rhetorician
sourdoughchef,rhetorician
profastreete,rhetorician
librarianmouse,rhetorician
CristinaLAlfar,rhetorician
DrSonjaKleij,rhetorician
BridMcGrath,rhetorician
AnnMariaWalsh,rhetorician
emilieKMmurphy,rhetorician
lrbobrien,rhetorician
ArtmuseumNews,RSAorg
FERichardsUK,LouisaMcKenzie
ArtmuseumNews,RSAorg
ArtmuseumNews,RSAorg
ArtmuseumNews,NGIreland
ArtmuseumNews,cccdub
ArtmuseumNews,EdwardWorthLib
ArtmuseumNews,MoLI_Museum
RSAorg,RSAorg
RSAorg,NGIreland
RSAorg,cccdub
RSAorg,EdwardWorthLib
RSAorg,MoLI_Museum
gianamar97,sourdoughchef
DurhamMEMSA,RSAorg
ClemenceRevest,RSAorg
martinamampy,RSAorg
ArtmuseumNews,RSAorg
RSAorg,BunyanSociety
CMRR_Winchester,BunyanSociety
onslies,_EMoDiR_
AHHEresearch,_EMoDiR_
JessicaLBecker,_EMoDiR_
EarlyModerns,BunyanSociety
LindaAnnNolan,_EMoDiR_
DrCLaoutaris,_EMoDiR_
mems_ukc,_EMoDiR_
KarinSennefelt,_EMoDiR_
RSAorg,_EMoDiR_
stefanovil,_EMoDiR_
helena_w_strom,_EMoDiR_
Carolyngian,Brepols
LC_Beguines,Brepols
LC_Beguines,UCLA_CMRS
CarrieGrif,Brepols
CarrieGrif,UCLA_CMRS
canderson771,elsjevankessel
canderson771,RSAorg
RSAorg,elsjevankessel
RSAorg,RSAorg
ArtHistoryStA,elsjevankessel
ArtHistoryStA,RSAorg
elsjevankessel,LFG_Hist
elsjevankessel,RSAorg
agecsmiberia,LFG_Hist
agecsmiberia,RSAorg
LFG_Hist,RSAorg
LFG_Hist,elsjevankessel
LFG_Hist,RSAorg
elsjevankessel,RSAorg
maxson_brian,RSAorg
RSAorg,FERichardsUK
RSAorg,mems_ukc
RSAorg,rhetorician
ArtmuseumNews,RSAorg
JessicaLBecker,RSAorg
iberianart,RSAorg
Clarinda_Calma,RSAorg
a__medievalist,Brepols
marshelle_w,markronan79
RSAorg,markronan79
agecsmiberia,Brepols
agecsmiberia,UCLA_CMRS
prof_gabriele,Brepols
prof_gabriele,UCLA_CMRS
UCLA_CMRS,Brepols
UCLA_CMRS,UCLA_CMRS
bobbyholunder,Brepols
bobbyholunder,UCLA_CMRS
a__medievalist,Brepols
a__medievalist,UCLA_CMRS
Brepols,UCLA_CMRS
mems_ukc,FERichardsUK
mems_ukc,mems_ukc
HPSshouts,FERichardsUK
HPSshouts,mems_ukc
FERichardsUK,mems_ukc
FERichardsUK,ana_strl
FERichardsUK,RSAorg
HISTOIRE_DU_VIN,Brepols
3mKa1,Brepols
ArnaldusV,Brepols
HistArkeo,Brepols
kiranamehta,timpwade
RSAorg,timpwade
DigtalHumanatee,rcmidura
DigtalHumanatee,MaddenAmanda
pavaobot,rcmidura
pavaobot,MaddenAmanda
Real_Person_DH,rcmidura
Real_Person_DH,MaddenAmanda
rcmidura,MaddenAmanda
DelphMontoliu,Brepols
IRHT_CNRS,Brepols
DannyBuckUEA,timpwade
DrKLMcKeogh,timpwade
OxfordCIH,timpwade
un_sissel,Brepols
maybe_elif,Brepols
gndrhistbot,Brepols
st_nozawa,Brepols
SegoAG,RSAorg
FERichardsUK,anne_goldgar
FERichardsUK,RSAorg
FERichardsUK,RSAorg
RSAorg,PH_BAS_PhD
LeblancHelene4,PH_BAS_PhD
owilliamsdc,RSAorg
iberianart,RSAorg
RosieBonte,Brepols
ArtmuseumNews,RSAorg
ChrisVandenBor4,Brepols
RSAorg,emilieKMmurphy
iberianart,RSAorg
maxson_brian,RSAorg
ArtmuseumNews,RSAorg
RSAorg,jotis13
RSAorg,RichardTYoder1
EarlyMusicNews,RSAorg
RSAorg,lcyflmng
ArtmuseumNews,RSAorg
RSAorg,adam_shear
RSAorg,RSAorg
adam_shear,RSAorg
RSAorg,e_b_wood
cheapsellotape,_EMoDiR_
ArtmuseumNews,RSAorg
ArtmuseumNews,RSAorg
RSAorg,RSAorg
babysses,MarshsLibrary
RSAorg,theaterjudgment
RSAorg,pdurdel
RSAorg,RSAorg
theaterjudgment,pdurdel
theaterjudgment,RSAorg
hudstrode,RSAorg
LittonHelen,MarshsLibrary
alexander_c_lee,barrytorch14
redeh_moderna,MarshsLibrary
RSAorg,MarshsLibrary
JoannemtMurphy,MarshsLibrary
rkargakou,MarshsLibrary
GibsonLibrary,MarshsLibrary
karenjmcdonnell,MarshsLibrary
Jodesdublin,MarshsLibrary
ArtmuseumNews,CarlPaltr
ArtmuseumNews,RSAorg
RSAorg,PhdNatale
RSAorg,AllenShotwell
RSAorg,LindaAnnNolan
RSAorg,RSAorg
LindaAnnNolan,RSAorg
petermrl,Julien_LeMauff
petermrl,RSAorg
LindaAnnNolan,RSAorg
RSAorg,CarlPaltr
RSAorg,RSAorg
CarlPaltr,RSAorg
RSAorg,Julien_LeMauff
RSAorg,RSAorg
RSAorg,LouisaMcKenzie
Julien_LeMauff,RSAorg
KnowStudents,RSAorg
CecileFromont,RSAorg
JohannPetitjean,RSAorg
RSAorg,barrytorch14
RSAorg,EMLoneliness
RSAorg,RSAorg
RSAorg,ThomasCliftonA5
RSAorg,owilliamsdc
RSAorg,RSAorg
owilliamsdc,RSAorg
MiraAssafK,owilliamsdc
MiraAssafK,RSAorg
MaddenAmanda,RSAorg
Julien_LeMauff,RSAorg
owilliamsdc,RSAorg
EMLoneliness,RSAorg
EMLoneliness,ThomasCliftonA5
